App,AppData
App,ApiConstant
App,SPConstant
App,ActivityControlImpl
App,AppImpl
App,HttpRequestControlImpl
App,SwipeBackControlImpl
App,MainActivity
App,NotificationUtil
App,Builder
App,FastManager
App,ActivityDispatchEventControl
App,ActivityFragmentControl
App,ActivityKeyEventControl
App,FastObserverControl
App,FastRecyclerViewControl
App,HttpRequestControl
App,LoadingDialog
App,LoadMoreFoot
App,MultiStatusView
App,QuitAppControl
App,SwipeBackControl
App,TitleBarViewControl
App,ToastControl
App,LoggerManager
App,FastRetrofit
App,FastFormatUtil
App,FastUtil
App,SizeUtil
App,SPUtil
App,Builder
App,Builder
App,MainActivity
App,ActivityControlImpl
App,AppImpl
App,HttpRequestControlImpl
AppData,App
AppData,SPUtil
AppData,App
ReadArticleAdapter,BaseItemTouchViewHolder
ReadArticleAdapter,ReadArticleItemEntity
ReadArticleAdapter,RadiusViewHelper
SubjectMovieAdapter,BaseItemTouchViewHolder
SubjectMovieAdapter,SubjectsEntity
SubjectMovieAdapter,RadiusViewHelper
SubjectMovieAdapter,GlideManager
SubjectMovieAdapter,LoggerManager
WebAppAdapter,App
WebAppAdapter,WebAppEntity
WebAppAdapter,SizeUtil
WebAppAdapter,App
WidgetAdapter,BaseItemTouchViewHolder
WidgetAdapter,WidgetEntity
WidgetAdapter,RadiusViewHelper
BaseItemTouchQuickAdapter,ItemTouchHelperAdapter
BaseItemTouchViewHolder,ItemTouchHelperViewHolder
BaseMovieEntity,SubjectsEntity
BaseReadArticleEntity,ArticleEntity
BaseReadArticleEntity,ReadArticleItemEntity
CastsEntity,AvatarsEntity
DirectorsEntity,AvatarsEntityX
ReadArticleItemEntity,ExtraEntity
ReadArticleItemEntity,NewsArrayEntity
SubjectsEntity,CastsEntity
SubjectsEntity,DirectorsEntity
SubjectsEntity,ImagesEntity
SubjectsEntity,RatingEntity
UpdateEntity,App
UpdateEntity,FastUtil
UpdateEntity,App
CheckVersionHelper,App
CheckVersionHelper,AppData
CheckVersionHelper,UpdateEntity
CheckVersionHelper,ApiRepository
CheckVersionHelper,Builder
CheckVersionHelper,BasisHelper
CheckVersionHelper,BasisActivity
CheckVersionHelper,LoggerManager
CheckVersionHelper,FastDownloadObserver
CheckVersionHelper,FastStackUtil
CheckVersionHelper,ToastUtil
CheckVersionHelper,Builder
CheckVersionHelper,Builder
CheckVersionHelper,App
ImagePickerHelper,BaseHelper
ImagePickerHelper,OnImageSelect
OnImageSelect,ImagePickerHelper
OnImageSelect,LoggerManager
RadiusViewHelper,App
RadiusViewHelper,App
TitleBarViewHelper,BaseHelper
TitleBarViewHelper,OnScrollListener
TitleBarViewHelper,OverScrollView
TitleBarViewHelper,SizeUtil
OnScrollListener,TitleBarViewHelper
OnScrollListener,ViewColorUtil
OnScrollListener,OverScrollView
OnScrollListener,OnScrollChangeListener
OnScrollListener,LoggerManager
ActivityControlImpl,App
ActivityControlImpl,SplashActivity
ActivityControlImpl,MainActivity
ActivityControlImpl,SwipeBackActivity
ActivityControlImpl,TestStatusActivity
ActivityControlImpl,BasisActivity
ActivityControlImpl,BasisFragment
ActivityControlImpl,ActivityDispatchEventControl
ActivityControlImpl,ActivityFragmentControl
ActivityControlImpl,ActivityKeyEventControl
ActivityControlImpl,FastActivityLifecycleCallbacks
ActivityControlImpl,LoggerManager
ActivityControlImpl,FastStackUtil
ActivityControlImpl,FastUtil
ActivityControlImpl,SizeUtil
ActivityControlImpl,SnackBarUtil
ActivityControlImpl,ToastUtil
ActivityControlImpl,App
ActivityControlImpl,MainActivity
ActivityControlImpl,SplashActivity
AppImpl,App
AppImpl,WebAppActivity
AppImpl,Builder
AppImpl,ProgressDialog
AppImpl,FastObserverControl
AppImpl,FastRecyclerViewControl
AppImpl,IFastRefreshLoadView
AppImpl,LoadingDialog
AppImpl,LoadMoreFoot
AppImpl,MultiStatusView
AppImpl,QuitAppControl
AppImpl,TitleBarViewControl
AppImpl,ToastControl
AppImpl,LoggerManager
AppImpl,FastObserver
AppImpl,FastStackUtil
AppImpl,SizeUtil
AppImpl,ToastUtil
AppImpl,Builder
AppImpl,FastLoadDialog
AppImpl,FastLoadMoreView
AppImpl,Builder
AppImpl,App
HttpRequestControlImpl,App
HttpRequestControlImpl,HttpRequestControl
HttpRequestControlImpl,IHttpRequestControl
HttpRequestControlImpl,OnHttpRequestListener
HttpRequestControlImpl,LoggerManager
HttpRequestControlImpl,NetworkUtil
HttpRequestControlImpl,ToastUtil
HttpRequestControlImpl,App
SwipeBackControlImpl,SwipeBackControl
SwipeBackControlImpl,FastStackUtil
SplashActivity,App
SplashActivity,MainActivity
SplashActivity,LoggerManager
SplashActivity,RxJavaManager
SplashActivity,FastTitleActivity
SplashActivity,FastStackUtil
SplashActivity,FastUtil
SplashActivity,SizeUtil
SplashActivity,Duration
SplashActivity,App
SplashActivity,MainActivity
WebAppActivity,WebViewActivity
WebAppActivity,WebViewActivity
WebViewActivity,MainActivity
WebViewActivity,Builder
WebViewActivity,IFastRefreshView
WebViewActivity,LoggerManager
WebViewActivity,RxJavaManager
WebViewActivity,FastWebActivity
WebViewActivity,FastDownloadObserver
WebViewActivity,FastRetrofit
WebViewActivity,FastFileUtil
WebViewActivity,FastStackUtil
WebViewActivity,FastUtil
WebViewActivity,SizeUtil
WebViewActivity,SPUtil
WebViewActivity,ToastUtil
WebViewActivity,Builder
WebViewActivity,Builder
WebViewActivity,MainActivity
ActivityFragment,ApiConstant
ActivityFragment,MovieBaseFragment
ActivityFragment,TabLayoutManager
ActivityFragment,FastTitleFragment
MovieBaseFragment,SubjectMovieAdapter
MovieBaseFragment,BaseItemTouchQuickAdapter
MovieBaseFragment,BaseMovieEntity
MovieBaseFragment,ApiConstant
MovieBaseFragment,GlobalConstant
MovieBaseFragment,SubjectsEntity
MovieBaseFragment,OnScrollListener
MovieBaseFragment,WebViewActivity
MovieBaseFragment,ApiRepository
MovieBaseFragment,ItemTouchHelperCallback
MovieBaseFragment,OnItemTouchHelperListener
MovieBaseFragment,Builder
MovieBaseFragment,FastManager
MovieBaseFragment,HttpRequestControl
MovieBaseFragment,IHttpRequestControl
MovieBaseFragment,MultiStatusView
MovieBaseFragment,LoggerManager
MovieBaseFragment,ToastUtil
MovieBaseFragment,Builder
MovieBaseFragment,Builder
MovieBaseFragment,WebViewActivity
ActicleBaseFragment,ReadArticleAdapter
ActicleBaseFragment,BaseItemTouchQuickAdapter
ActicleBaseFragment,ApiConstant
ActicleBaseFragment,GlobalConstant
ActicleBaseFragment,ArticleEntity
ActicleBaseFragment,BaseReadArticleEntity
ActicleBaseFragment,ReadArticleItemEntity
ActicleBaseFragment,WebViewActivity
ActicleBaseFragment,ApiRepository
ActicleBaseFragment,ItemTouchHelperCallback
ActicleBaseFragment,OnItemTouchHelperListener
ActicleBaseFragment,Builder
ActicleBaseFragment,FastManager
ActicleBaseFragment,HttpRequestControl
ActicleBaseFragment,IHttpRequestControl
ActicleBaseFragment,MultiStatusView
ActicleBaseFragment,LoggerManager
ActicleBaseFragment,ToastUtil
ActicleBaseFragment,Builder
ActicleBaseFragment,Builder
ActicleBaseFragment,WebViewActivity
ArticleFragment,ApiConstant
ArticleFragment,ActicleBaseFragment
ArticleFragment,TabLayoutManager
ArticleFragment,FastTitleFragment
HomeFragment,App
HomeFragment,WidgetAdapter
HomeFragment,GlobalConstant
HomeFragment,SPConstant
HomeFragment,WidgetEntity
HomeFragment,TitleBarViewHelper
HomeFragment,OnScrollListener
HomeFragment,TestRequestWindowActivity
HomeFragment,WebViewActivity
HomeFragment,MainActivity
HomeFragment,FastViewActivity
HomeFragment,GoogleAdActivity
HomeFragment,SingleFragmentActivity
HomeFragment,SwipeBackActivity
HomeFragment,TestStatusActivity
HomeFragment,TitleWithEditTextActivity
HomeFragment,ToastActivity
HomeFragment,ALiPayMainActivity
HomeFragment,NewsMainActivity
HomeFragment,Builder
HomeFragment,FastManager
HomeFragment,HttpRequestControl
HomeFragment,IHttpRequestControl
HomeFragment,GlideManager
HomeFragment,LoggerManager
HomeFragment,RxJavaManager
HomeFragment,FastUtil
HomeFragment,SizeUtil
HomeFragment,SPUtil
HomeFragment,Builder
HomeFragment,Builder
HomeFragment,App
HomeFragment,MainActivity
HomeFragment,WebViewActivity
MainActivity,CheckVersionHelper
MainActivity,WebViewActivity
MainActivity,ArticleFragment
MainActivity,HomeFragment
MainActivity,MineFragment
MainActivity,WebAppFragment
MainActivity,FastTabEntity
MainActivity,LoggerManager
MainActivity,FastMainActivity
MainActivity,SizeUtil
MainActivity,WebViewActivity
MainActivity,HomeFragment
MainActivity,MineFragment
FastViewActivity,IFastRefreshView
FastViewActivity,IFastTitleView
GoogleAdActivity,Builder
GoogleAdActivity,ToastUtil
GoogleAdActivity,Builder
GoogleAdActivity,Builder
QQTitleActivity,FastTitleActivity
SingleFragment,MovieBaseFragment
SingleFragmentActivity,ApiConstant
SingleFragmentActivity,SingleFragment
SingleFragmentActivity,FastTitleActivity
SwipeBackActivity,FastTitleActivity
SwipeBackActivity,FastUtil
SwipeBackActivity,SizeUtil
TitleWithEditTextActivity,FastTitleActivity
ToastActivity,Builder
ToastActivity,FastTitleActivity
ToastActivity,ToastUtil
ToastActivity,Builder
ToastActivity,Builder
ALiPayBaseFragment,FastTitleFragment
ALiPayItemFragment,ALiPayBaseFragment
ALiPayMainActivity,MainActivity
ALiPayMainActivity,ALiPayItemFragment
ALiPayMainActivity,FastTabEntity
ALiPayMainActivity,FastMainActivity
ALiPayMainActivity,MainActivity
NewsItemFragment,NewsRefreshItemFragment
NewsItemFragment,TabLayoutManager
NewsItemFragment,FastTitleFragment
NewsMainActivity,MainActivity
NewsMainActivity,NewsItemFragment
NewsMainActivity,FastTabEntity
NewsMainActivity,FastMainActivity
NewsMainActivity,MainActivity
NewsRefreshItemFragment,WidgetAdapter
NewsRefreshItemFragment,RxJavaManager
NewsRefreshItemFragment,FastRefreshLoadFragment
MineFragment,App
MineFragment,CheckVersionHelper
MineFragment,ImagePickerHelper
MineFragment,TitleBarViewHelper
MineFragment,OnScrollListener
MineFragment,WebViewActivity
MineFragment,SettingActivity
MineFragment,ThirdLibraryActivity
MineFragment,SpanTool
MineFragment,Builder
MineFragment,OverScrollView
MineFragment,ProgressDialog
MineFragment,IFastRefreshView
MineFragment,GlideManager
MineFragment,LoggerManager
MineFragment,FastTitleFragment
MineFragment,FastRetrofit
MineFragment,FastTransformer
MineFragment,FastUploadRequestBody
MineFragment,FastUploadRequestListener
MineFragment,FastFormatUtil
MineFragment,FastUtil
MineFragment,SizeUtil
MineFragment,Builder
MineFragment,FastLoadDialog
MineFragment,Builder
MineFragment,App
MineFragment,WebViewActivity
SettingActivity,GlobalConstant
SettingActivity,SPConstant
SettingActivity,Builder
SettingActivity,FastTitleActivity
SettingActivity,SPUtil
SettingActivity,Builder
SettingActivity,Builder
ThirdLibraryActivity,WidgetAdapter
ThirdLibraryActivity,GlobalConstant
ThirdLibraryActivity,WidgetEntity
ThirdLibraryActivity,WebViewActivity
ThirdLibraryActivity,ItemTouchHelperCallback
ThirdLibraryActivity,OnItemTouchHelperListener
ThirdLibraryActivity,LoggerManager
ThirdLibraryActivity,RxJavaManager
ThirdLibraryActivity,ToastUtil
ThirdLibraryActivity,WebViewActivity
WebAppFragment,WebAppAdapter
WebAppFragment,WebAppEntity
WebAppFragment,WebAppActivity
WebAppFragment,FastManager
WebAppFragment,HttpRequestControl
WebAppFragment,IHttpRequestControl
ApiRepository,App
ApiRepository,BaseMovieEntity
ApiRepository,ArticleEntity
ApiRepository,BaseReadArticleEntity
ApiRepository,UpdateEntity
ApiRepository,BaseRepository
ApiRepository,ApiService
ApiRepository,FastRetrofit
ApiRepository,FastRetryWhen
ApiRepository,FastTransformer
ApiRepository,FastUtil
ApiRepository,App
BaseRepository,FastNullException
BaseRepository,FastRetryWhen
BaseRepository,FastTransformer
ApiService,App
ApiService,BaseMovieEntity
ApiService,ApiConstant
ApiService,ArticleEntity
ApiService,BaseReadArticleEntity
ApiService,UpdateEntity
ApiService,FastRetrofit
ApiService,App
ItemTouchHelperCallback,ItemTouchHelperAdapter
ItemTouchHelperCallback,ItemTouchHelperViewHolder
ItemTouchHelperCallback,OnItemTouchHelperListener
SpanTool,Builder
SpanTool,Builder
SpanTool,Builder
Builder,App
Builder,App
OverScrollView,OnScrollChangeListener
OnScrollChangeListener,OverScrollView
BasisHelper,FastDelegateManager
BasisHelper,LoggerManager
FastFileProvider,FastManager
FastFileProvider,FastUtil
FastLifecycleCallbacks,MainActivity
FastLifecycleCallbacks,BasisHelper
FastLifecycleCallbacks,FastConstant
FastLifecycleCallbacks,FastDelegateManager
FastLifecycleCallbacks,FastManager
FastLifecycleCallbacks,FastRefreshDelegate
FastLifecycleCallbacks,FastTitleDelegate
FastLifecycleCallbacks,ActivityFragmentControl
FastLifecycleCallbacks,IFastRefreshLoadView
FastLifecycleCallbacks,IFastRefreshView
FastLifecycleCallbacks,IFastTitleView
FastLifecycleCallbacks,INavigationBar
FastLifecycleCallbacks,IStatusBar
FastLifecycleCallbacks,SwipeBackControl
FastLifecycleCallbacks,LoggerManager
FastLifecycleCallbacks,RxJavaManager
FastLifecycleCallbacks,FastMainActivity
FastLifecycleCallbacks,FastRefreshLoadActivity
FastLifecycleCallbacks,FastWebActivity
FastLifecycleCallbacks,FastRefreshLoadFragment
FastLifecycleCallbacks,FastStackUtil
FastLifecycleCallbacks,FastUtil
FastLifecycleCallbacks,MainActivity
FastManager,Builder
FastManager,ProgressDialog
FastManager,FastConstant
FastManager,FastLifecycleCallbacks
FastManager,ActivityDispatchEventControl
FastManager,ActivityFragmentControl
FastManager,ActivityKeyEventControl
FastManager,FastObserverControl
FastManager,FastRecyclerViewControl
FastManager,HttpRequestControl
FastManager,LoadingDialog
FastManager,LoadMoreFoot
FastManager,MultiStatusView
FastManager,QuitAppControl
FastManager,SwipeBackControl
FastManager,TitleBarViewControl
FastManager,ToastControl
FastManager,GlideManager
FastManager,FastUtil
FastManager,ToastUtil
FastManager,Builder
FastManager,FastLoadDialog
FastManager,Builder
BasisActivity,App
BasisActivity,FastConstant
BasisActivity,FastManager
BasisActivity,ActivityDispatchEventControl
BasisActivity,ActivityFragmentControl
BasisActivity,ActivityKeyEventControl
BasisActivity,IBasisView
BasisActivity,IFastRefreshLoadView
BasisActivity,QuitAppControl
BasisActivity,RxJavaManager
BasisActivity,FastStackUtil
BasisActivity,FastUtil
BasisActivity,App
BasisFragment,SingleFragment
BasisFragment,FastConstant
BasisFragment,FastManager
BasisFragment,ActivityFragmentControl
BasisFragment,IBasisView
BasisFragment,IFastRefreshLoadView
BasisFragment,LoggerManager
BasisFragment,RxJavaManager
BasisFragment,FastUtil
BasisViewHelper,BasisHelper
FastMainTabDelegate,FastTabEntity
FastMainTabDelegate,IFastMainView
FastMainTabDelegate,LoggerManager
FastMainTabDelegate,TabLayoutManager
FastRefreshDelegate,FastManager
FastRefreshDelegate,IFastRefreshView
FastRefreshDelegate,LoggerManager
FastRefreshLoadDelegate,Builder
FastRefreshLoadDelegate,FastManager
FastRefreshLoadDelegate,FastRefreshDelegate
FastRefreshLoadDelegate,FastRecyclerViewControl
FastRefreshLoadDelegate,IFastRefreshLoadView
FastRefreshLoadDelegate,LoadMoreFoot
FastRefreshLoadDelegate,MultiStatusView
FastRefreshLoadDelegate,LoggerManager
FastRefreshLoadDelegate,Builder
FastRefreshLoadDelegate,FastLoadMoreView
FastRefreshLoadDelegate,Builder
FastTitleDelegate,FastManager
FastTitleDelegate,IFastTitleView
FastTitleDelegate,TitleBarViewControl
FastTitleDelegate,LoggerManager
FastTitleDelegate,FastStackUtil
FastTitleDelegate,FastUtil
FastTabEntity,FastManager
ActivityFragmentControl,INavigationBar
ActivityFragmentControl,IStatusBar
FastObserverControl,FastObserver
HttpRequestControl,IHttpRequestControl
HttpRequestControl,OnHttpRequestListener
IFastMainView,FastTabEntity
IFastRefreshLoadView,HttpRequestControl
IFastRefreshLoadView,IFastRefreshView
IFastRefreshLoadView,IHttpRequestControl
IFastRefreshLoadView,IMultiStatusView
IFastRefreshLoadView,MultiStatusView
IHttpRequestControl,HttpRequestControl
IMultiStatusView,Builder
IMultiStatusView,MultiStatusView
IMultiStatusView,Builder
IMultiStatusView,Builder
LoadingDialog,FastLoadDialog
MultiStatusView,Builder
MultiStatusView,IFastRefreshLoadView
MultiStatusView,Builder
MultiStatusView,Builder
QuitAppControl,App
QuitAppControl,App
GlideManager,GlideRoundTransform
LoggerManager,Builder
LoggerManager,Builder
LoggerManager,Builder
TimerListener,RxJavaManager
TimerListener,FastTransformer
FastMainActivity,App
FastMainActivity,MainActivity
FastMainActivity,BasisActivity
FastMainActivity,FastMainTabDelegate
FastMainActivity,IFastMainView
FastMainActivity,App
FastMainActivity,MainActivity
FastRefreshLoadActivity,FastRefreshLoadDelegate
FastRefreshLoadActivity,FastTitleDelegate
FastRefreshLoadActivity,HttpRequestControl
FastRefreshLoadActivity,IHttpRequestControl
FastRefreshLoadActivity,FastTitleActivity
FastTitleActivity,BasisActivity
FastTitleActivity,IFastTitleView
FastWebActivity,Builder
FastWebActivity,FastManager
FastWebActivity,TitleBarViewControl
FastWebActivity,FastTitleActivity
FastWebActivity,FastUtil
FastWebActivity,ToastUtil
FastWebActivity,Builder
FastWebActivity,Builder
FastMainFragment,BasisFragment
FastMainFragment,FastMainTabDelegate
FastMainFragment,IFastMainView
FastRefreshLoadFragment,BasisFragment
FastRefreshLoadFragment,FastRefreshLoadDelegate
FastRefreshLoadFragment,HttpRequestControl
FastRefreshLoadFragment,IHttpRequestControl
FastTitleFragment,BasisFragment
FastTitleFragment,IFastTitleView
FastTitleRefreshLoadFragment,FastTitleDelegate
FastTitleRefreshLoadFragment,IFastTitleView
FastDownloadObserver,ProgressDialog
FastDownloadObserver,LoggerManager
FastDownloadObserver,FastFileUtil
FastLoadingObserver,ProgressDialog
FastLoadingObserver,FastManager
FastLoadingObserver,HttpRequestControl
FastLoadingObserver,IHttpRequestControl
FastLoadingObserver,LoadingDialog
FastLoadingObserver,FastStackUtil
FastLoadingObserver,FastLoadDialog
FastObserver,FastManager
FastObserver,FastObserverControl
FastObserver,HttpRequestControl
FastObserver,IHttpRequestControl
FastObserver,FastNullException
FastRetrofit,Builder
FastRetrofit,LoggerManager
FastRetrofit,FastMultiUrl
FastRetrofit,FastRetrofitService
FastRetrofit,FastTransformer
FastRetrofit,FastUrlParser
FastRetrofit,SSLUtil
FastRetrofit,SSLParams
FastRetrofit,Builder
FastRetrofit,Builder
FastRetryWhen,LoggerManager
FastRetryWhen,NetworkUtil
FastUploadRequestBody,CountingSink
FastUploadRequestBody,FastUploadRequestListener
FastFileUtil,FastManager
FastStackUtil,LoggerManager
FastUtil,App
FastUtil,ActivityThread
FastUtil,AppGlobals
FastUtil,FastConstant
FastUtil,App
SnackBarUtil,Duration
ToastUtil,Builder
ToastUtil,FastConstant
ToastUtil,FastManager
ToastUtil,ToastControl
ToastUtil,FastUtil
ToastUtil,SizeUtil
ToastUtil,Duration
ToastUtil,Builder
ToastUtil,SingleToast
ToastUtil,Builder
Builder,SizeUtil
Builder,Duration
SingleToastHolder,FastManager
SingleToastHolder,ToastControl
SingleToastHolder,SingleToast
FastLoadDialog,Builder
FastLoadDialog,ProgressDialog
FastLoadDialog,FastStackUtil
FastLoadDialog,Builder
FastLoadDialog,Builder
FastLoadMoreView,Builder
FastLoadMoreView,Builder
FastLoadMoreView,Builder
Builder,FastLoadMoreView
App,ActivityControlImpl
App,AppImpl
App,HttpRequestControlImpl
App,Builder
App,FastManager
App,ActivityDispatchEventControl
App,ActivityFragmentControl
App,ActivityKeyEventControl
App,FastObserverControl
App,FastRecyclerViewControl
App,HttpRequestControl
App,LoadingDialog
App,LoadMoreFoot
App,MultiStatusView
App,QuitAppControl
App,TitleBarViewControl
App,ToastControl
App,LoggerManager
App,FastRetrofit
App,Builder
App,Builder
App,ActivityControlImpl
App,AppImpl
App,HttpRequestControlImpl
MainActivity,HomeFragment
MainActivity,MineFragment
MainActivity,FastTabEntity
MainActivity,LoggerManager
MainActivity,FastMainActivity
MainActivity,HomeFragment
MainActivity,MineFragment
SplashActivity,MainActivity
SplashActivity,LoggerManager
SplashActivity,RxJavaManager
SplashActivity,FastTitleActivity
SplashActivity,FastStackUtil
SplashActivity,FastUtil
SplashActivity,MainActivity
WebViewActivity,MainActivity
WebViewActivity,Builder
WebViewActivity,IFastRefreshView
WebViewActivity,LoggerManager
WebViewActivity,RxJavaManager
WebViewActivity,FastWebActivity
WebViewActivity,FastDownloadObserver
WebViewActivity,FastRetrofit
WebViewActivity,FastFileUtil
WebViewActivity,FastStackUtil
WebViewActivity,FastUtil
WebViewActivity,SizeUtil
WebViewActivity,SPUtil
WebViewActivity,ToastUtil
WebViewActivity,Builder
WebViewActivity,Builder
WebViewActivity,MainActivity
ActivityControlImpl,App
ActivityControlImpl,SplashActivity
ActivityControlImpl,MainActivity
ActivityControlImpl,BasisActivity
ActivityControlImpl,BasisFragment
ActivityControlImpl,ActivityDispatchEventControl
ActivityControlImpl,ActivityFragmentControl
ActivityControlImpl,ActivityKeyEventControl
ActivityControlImpl,FastActivityLifecycleCallbacks
ActivityControlImpl,LoggerManager
ActivityControlImpl,FastStackUtil
ActivityControlImpl,FastUtil
ActivityControlImpl,SnackBarUtil
ActivityControlImpl,ToastUtil
ActivityControlImpl,App
ActivityControlImpl,MainActivity
ActivityControlImpl,SplashActivity
AppImpl,App
AppImpl,Builder
AppImpl,ProgressDialog
AppImpl,FastObserverControl
AppImpl,FastRecyclerViewControl
AppImpl,IFastRefreshLoadView
AppImpl,LoadingDialog
AppImpl,LoadMoreFoot
AppImpl,MultiStatusView
AppImpl,QuitAppControl
AppImpl,TitleBarViewControl
AppImpl,ToastControl
AppImpl,LoggerManager
AppImpl,FastObserver
AppImpl,FastStackUtil
AppImpl,SizeUtil
AppImpl,ToastUtil
AppImpl,Builder
AppImpl,FastLoadDialog
AppImpl,FastLoadMoreView
AppImpl,Builder
AppImpl,App
HttpRequestControlImpl,App
HttpRequestControlImpl,HttpRequestControl
HttpRequestControlImpl,IHttpRequestControl
HttpRequestControlImpl,OnHttpRequestListener
HttpRequestControlImpl,LoggerManager
HttpRequestControlImpl,NetworkUtil
HttpRequestControlImpl,ToastUtil
HttpRequestControlImpl,App
HomeFragment,FastTitleFragment
MineFragment,FastTitleFragment
