AboutAction,AboutDialog
AbstractSaveDiagramAction,SaveDiagramToFileAction
AbstractSaveDiagramAction,PlantUml
AbstractSaveDiagramAction,UIUtils
CopyDiagramToClipboardAction,PlantUml
CopyDiagramToClipboardAction,PlantUmlResult
CopyDiagramToClipboardAction,UIUtils
NextPageAction,UIUtils
PrevPageAction,UIUtils
SaveAllDiagramToFileAction,AbstractSaveDiagramAction
SaveAllDiagramToFileAction,UIUtils
SaveDiagramToFileAction,AbstractSaveDiagramAction
SaveDiagramToFileAction,UIUtils
SelectPageAction,SetPageAction
SetPageAction,UIUtils
ZoomAction,PlantUmlToolWindow
ZoomAction,UIUtils
ZoomActualAction,ZoomAction
ZoomInAction,ZoomAction
ZoomOutAction,ZoomAction
PlantUmlFileImpl,PlantUmlFileType
PlantUmlFileImpl,PlantUmlLanguage
PlantUmlFileType,PlantUmlLanguage
PlantUmlParserDefinition,PlantUmlFileImpl
PlantUmlParserDefinition,PlantUmlLanguage
PlantUmlTypeFactory,PlantUmlFileType
ErrorSourceAnnotation,PlantUmlIntentionAction
ErrorSourceAnnotation,SourceAnnotation
FileAnnotationResult,SourceAnnotationResult
PlantUmlExternalAnnotator,ErrorSourceAnnotation
PlantUmlExternalAnnotator,FileAnnotationResult
PlantUmlExternalAnnotator,SourceAnnotation
PlantUmlExternalAnnotator,SourceAnnotationResult
PlantUmlExternalAnnotator,SyntaxHighlightAnnotation
PlantUmlExternalAnnotator,PlantUmlSettings
PlantUmlExternalAnnotator,PlantUml
SourceAnnotationResult,SourceAnnotation
SyntaxHighlightAnnotation,SourceAnnotation
PlantUmlSettingsPage,PlantUmlSettings
PlantUml,PlantUmlSettings
PlantUml,PlantUmlResult
PlantUmlTest,PlantUml
AboutDialog,PlantUml
AboutDialog,PlantUmlResult
AboutDialog,BrowseHyperlinkListener
AboutDialog,UIUtils
PlantUmlToolWindow,SelectPageAction
PlantUmlToolWindow,PlantUml
PlantUmlToolWindow,PlantUmlResult
PlantUmlToolWindow,PlantUmlFileManagerListener
PlantUmlToolWindow,PlantUmlDocumentListener
PlantUmlToolWindow,PlantUmlCaretListener
PlantUmlToolWindow,PlantUmlAncestorListener
PlantUmlToolWindow,PlantUmlProjectManagerListener
PlantUmlToolWindow,LazyApplicationPoolExecutor
PlantUmlToolWindow,UIUtils
PlantUmlProjectManagerListener,UIUtils
PlantUmlToolWindowFactory,PlantUmlToolWindow
UIUtils,PlantUml
UIUtils,PlantUmlToolWindow
