CarpetExtension,SettingsManager
CarpetServer,CarpetExtension
CarpetServer,CameraModeCommand
CarpetServer,CounterCommand
CarpetServer,DistanceCommand
CarpetServer,DrawCommand
CarpetServer,InfoCommand
CarpetServer,LogCommand
CarpetServer,MobAICommand
CarpetServer,PerimeterInfoCommand
CarpetServer,PlayerCommand
CarpetServer,ScriptCommand
CarpetServer,SpawnCommand
CarpetServer,TickCommand
CarpetServer,TickSpeed
CarpetServer,LoggerRegistry
CarpetServer,CarpetScriptServer
CarpetServer,CarpetSettings
CarpetServer,SettingsManager
CarpetServer,HUDController
CarpetServer,MobAI
CameraModeCommand,CarpetSettings
CounterCommand,HopperCounter
CounterCommand,CarpetSettings
CounterCommand,Messenger
DistanceCommand,CarpetSettings
DistanceCommand,DistanceCalculator
DrawCommand,CarpetSettings
DrawCommand,Messenger
InfoCommand,CarpetSettings
InfoCommand,BlockInfo
InfoCommand,EntityInfo
InfoCommand,Messenger
LogCommand,Logger
LogCommand,LoggerRegistry
LogCommand,CarpetSettings
LogCommand,Messenger
MobAICommand,CarpetSettings
MobAICommand,MobAI
PerimeterInfoCommand,InfoCommand
PerimeterInfoCommand,CarpetSettings
PerimeterInfoCommand,Messenger
PerimeterInfoCommand,PerimeterDiagnostics
PerimeterInfoCommand,Result
PlayerCommand,EntityPlayerActionPack
PlayerCommand,Action
PlayerCommand,EntityPlayerMPFake
PlayerCommand,CarpetSettings
PlayerCommand,Messenger
SupplierWithCommandSyntaxException,EntityInterface
SupplierWithCommandSyntaxException,ServerPlayerEntityInterface
SupplierWithCommandSyntaxException,EntityPlayerActionPack
SupplierWithCommandSyntaxException,Action
SupplierWithCommandSyntaxException,EntityPlayerMPFake
SupplierWithCommandSyntaxException,Messenger
ScriptCommand,CarpetServer
ScriptCommand,CarpetEventServer
ScriptCommand,Callback
ScriptCommand,CarpetExpression
ScriptCommand,Expression
ScriptCommand,ExpressionInspector
ScriptCommand,ScriptHost
ScriptCommand,Tokenizer
ScriptCommand,Token
ScriptCommand,CarpetExpressionException
ScriptCommand,ExpressionException
ScriptCommand,Value
ScriptCommand,CarpetSettings
ScriptCommand,Messenger
SpawnCommand,HopperCounter
SpawnCommand,TickSpeed
SpawnCommand,CarpetSettings
SpawnCommand,Messenger
SpawnCommand,SpawnReporter
TestCommand,CarpetServer
TestCommand,Messenger
TickCommand,TickSpeed
TickCommand,CarpetSettings
TickCommand,CarpetProfiler
TickCommand,Messenger
MobEntityInterface,EntityInterface
PistonBlockEntityInterface,EntityInterface
ServerPlayerEntityInterface,EntityInterface
ServerPlayerEntityInterface,EntityPlayerActionPack
BlockRotator,Context
BlockRotator,PlacementContext
BlockRotator,CarpetSettings
BlockRotator,Result
CactusDispenserBehaviour,BlockRotator
CactusDispenserBehaviour,CarpetSettings
EntityPlayerActionPack,EntityInterface
EntityPlayerActionPack,ServerPlayerEntityInterface
EntityPlayerActionPack,Action
EntityPlayerActionPack,Tracer
EntityPlayerActionPack,Value
EntityPlayerActionPack,Result
Action,EntityPlayerActionPack
Thing,StructureFeatureInterface
Thing,CarpetSettings
HopperCounter,Value
HopperCounter,Messenger
RedstoneWireTurbo,UpdateNode
UpdateNode,RedstoneWireBlockInterface
TickSpeed,CarpetServer
TickSpeed,Messenger
Tracer,Context
Tracer,Result
XPcombine,ExperienceOrbInterface
XPcombine,Value
HUDLogger,Logger
HUDLogger,HUDController
Logger,LoggerRegistry
lMessage,Value
lMessageIgnorePlayer,CarpetServer
lMessageIgnorePlayer,LoggerRegistry
lMessageIgnorePlayer,Value
LoggerRegistry,HUDLogger
LoggerRegistry,Logger
LoggerRegistry,CarpetSettings
DamageReporter,Logger
DamageReporter,LoggerRegistry
DamageReporter,Messenger
KillLogHelper,Logger
KillLogHelper,LoggerRegistry
KillLogHelper,Messenger
PathfindingVisualizer,Logger
PathfindingVisualizer,LoggerRegistry
TNTLogHelper,Logger
TNTLogHelper,LoggerRegistry
TNTLogHelper,Messenger
TrajectoryLogHelper,Logger
TrajectoryLogHelper,LoggerRegistry
TrajectoryLogHelper,Messenger
BlockEntityRenderDispatcher_movableTEMixin,BlockEntityRenderDispatcherInterface
BuriedTreasureGeneratorPieceMixin,CarpetSettings
CarpetBlockMixin,Action
CarpetBlockMixin,Context
CarpetBlockMixin,PlacementContext
CarpetBlockMixin,WoolTool
ChunkGeneratorMixin,Value
ChunkGeneratorMixin,CarpetSettings
ChunkMixin,CarpetSettings
ClientConnectionMixin,PacketCounter
ClientConnectionMixin,Context
CloneCommandMixin,Value
CloneCommandMixin,CarpetSettings
CommandManagerMixin,CarpetServer
CommandManagerMixin,Logger
CommandManagerMixin,CarpetSettings
ContainerMixin,Value
ContainerMixin,CarpetSettings
CoralBlockMixin,CoralFeatureInterface
CoralBlockMixin,CarpetSettings
CoralFeatureMixin,CoralFeatureInterface
DesertPyramidFeatureMixin,CarpetSettings
DirectionMixin,EntityInterface
DirectionMixin,BlockRotator
DirectionMixin,CarpetSettings
DispenserBehaviour_cactusMixin,BlockRotator
DispenserBehaviour_cactusMixin,CactusDispenserBehaviour
DispenserBlock_qcMixin,CarpetSettings
EndCityFeatureMixin,CarpetSettings
EntityMixin,EntityInterface
EntityNavigation_pathfindingMixin,LoggerRegistry
EntityNavigation_pathfindingMixin,PathfindingVisualizer
Entity_portalSuffocationMixin,CarpetSettings
ExperienceOrbEntityMixin,ExperienceOrbInterface
ExperienceOrbEntityMixin,XPcombine
ExperienceOrbEntityMixin,EntityMixin
ExperienceOrbEntityMixin,CarpetSettings
ExplosionMixin,CarpetSettings
FallingBlockEntityMixin,Logger
FallingBlockEntityMixin,LoggerRegistry
FallingBlockEntityMixin,TrajectoryLogHelper
FallingBlockEntityMixin,EntityMixin
FillCommandMixin,Value
FillCommandMixin,CarpetSettings
FloatingIslandsChunkGeneratorMixin,ChunkGeneratorMixin
FloatingIslandsChunkGeneratorMixin,CarpetSettings
FossilFeatureMixin,CarpetSettings
GravityStructureProcessorMixin,CarpetSettings
GuardianEntityMixin,EntityMixin
GuardianEntityMixin,CarpetSettings
HopperBlockEntityMixin,HopperCounter
HopperBlockEntityMixin,EntityMixin
HopperBlockEntityMixin,Value
HopperBlockEntityMixin,CarpetSettings
HopperBlockEntityMixin,WoolTool
HopperBlock_cactusMixin,BlockRotator
HopperBlock_cactusMixin,Context
HopperBlock_cactusMixin,PlacementContext
IglooGeneratorPieceMixin,CarpetSettings
InfestedBlockMixin,CarpetSettings
InGameHudMixin,PlayerListHudInterface
IntegratedServerMixin,CarpetServer
ItemEntityMixin,InventoryHelper
ItemEntityMixin,EntityMixin
ItemEntityMixin,CarpetSettings
ItemEntityMixin,IItemEntity
ItemUsageContext_cactusMixin,BlockRotator
KelpFeatureMixin,CarpetSettings
LivingEntity_maxCollisionsMixin,CarpetSettings
MinecraftClientMixin,CarpetServer
MinecraftClientMixin,CarpetSettings
MinecraftDedicatedServerMixin,CarpetServer
MinecraftServer_coreMixin,CarpetServer
MinecraftServer_scarpetMixin,CarpetServer
MinecraftServer_scarpetMixin,MinecraftServerInterface
MinecraftServer_tickspeedMixin,TickSpeed
MinecraftServer_tickspeedMixin,Logger
MinecraftServer_tickspeedMixin,Token
MinecraftServer_tickspeedMixin,CarpetProfiler
MinecraftServer_tickspeedMixin,ProfilerToken
MobEntityMixin,EntityInterface
MobEntityMixin,MobEntityInterface
MobEntityMixin,EntityMixin
MobEntity_leashMixin,CarpetSettings
OceanRuinGeneratorPieceMixin,CarpetSettings
OverworldChunkGeneratorMixin,ChunkGeneratorMixin
OverworldChunkGeneratorMixin,Value
OverworldChunkGeneratorMixin,CarpetSettings
PickaxeItem_missingToolsMixin,CarpetSettings
PistonBlockEntityRenderer_movableTEMixin,BlockEntityRenderDispatcherInterface
PistonBlockEntityRenderer_movableTEMixin,EntityInterface
PistonBlockEntityRenderer_movableTEMixin,PistonBlockEntityInterface
PistonBlockEntityRenderer_movableTEMixin,CarpetSettings
PistonBlockEntity_movableTEMixin,EntityInterface
PistonBlockEntity_movableTEMixin,PistonBlockEntityInterface
PistonBlockEntity_movableTEMixin,WorldInterface
PistonBlockEntity_movableTEMixin,CarpetSettings
PistonBlock_movableTEMixin,EntityInterface
PistonBlock_movableTEMixin,PistonBlockEntityInterface
PistonBlock_movableTEMixin,Value
PistonBlock_movableTEMixin,CarpetSettings
PistonBlock_qcMixin,Value
PistonBlock_qcMixin,CarpetSettings
PistonHandler_pushLimitMixin,Value
PistonHandler_pushLimitMixin,CarpetSettings
PlayerActionC2SPacketMixin,Action
PlayerEntityMixin,PortalHelper
PlayerEntityMixin,EntityMixin
PlayerEntityMixin,Value
PlayerEntityMixin,CarpetSettings
PlayerEntity_horseFixMixin,CarpetSettings
PlayerEntity_horseFixMixin,Result
PlayerEntity_parrotMixin,CarpetSettings
PlayerListHudMixin,PlayerListHudInterface
PlayerManagerMixin,EntityPlayerMPFake
PlayerManagerMixin,NetHandlerPlayServerFake
PortalBlock_portalCachingMixin,PortalForcerInterface
PortalBlock_portalCachingMixin,CarpetSettings
PortalForcer_portalCachingMixin,PortalForcerInterface
PortalForcer_portalCachingMixin,CarpetSettings
PortalForcer_portalSuffocationMixin,CarpetSettings
PortalForcer_portalSuffocationMixin,Result
PoweredRailBlock_powerLimitMixin,Value
PoweredRailBlock_powerLimitMixin,CarpetSettings
ProjectileEntityMixin,Logger
ProjectileEntityMixin,LoggerRegistry
ProjectileEntityMixin,TrajectoryLogHelper
ProjectileEntityMixin,EntityMixin
ProjectileEntityMixin,Result
RedstoneWireBlockMixin,RedstoneWireBlockInterface
RedstoneWireBlockMixin,RedstoneWireTurbo
RedstoneWireBlockMixin,CarpetSettings
RenderTickCounter_tickSpeedMixin,TickSpeed
RenderTickCounter_tickSpeedMixin,CarpetSettings
SaplingBlockMixin,BlockSaplingHelper
SaplingBlockMixin,CarpetSettings
ServerChunkManagerMixin,SpawnReporter
ServerChunkManager_tickMixin,TickSpeed
ServerChunkManager_tickMixin,Token
ServerChunkManager_tickMixin,CarpetProfiler
ServerChunkManager_tickMixin,ProfilerToken
ServerMetadata_motdMixin,Value
ServerMetadata_motdMixin,CarpetSettings
ServerPlayerEntityMixin,EntityInterface
ServerPlayerEntityMixin,ServerPlayerEntityInterface
ServerPlayerEntityMixin,EntityPlayerActionPack
ServerPlayerEntityMixin,EntityMixin
ServerPlayerEntityMixin,PlayerEntityMixin
ServerPlayerInteractionManager_cactusMixin,BlockRotator
ServerPlayerInteractionManager_cactusMixin,Result
ServerPlayerInteractionManager_scarpetEventsMixin,CarpetServer
ServerPlayNetworkHandler_antiCheatDisabledMixin,CarpetSettings
ServerPlayNetworkHandler_coreMixin,CarpetServer
ServerPlayNetworkHandler_scarpetEventsMixin,CarpetServer
ServerPlayNetworkHandler_scarpetEventsMixin,Action
ServerPlayNetworkHandler_scarpetEventsMixin,Result
ServerPlayNetworkHandler_tickMixin,TickSpeed
ServerWorld_fakePlayersMixin,EntityPlayerMPFake
ServerWorld_onePlayerSleepingMixin,CarpetSettings
ServerWorld_tickMixin,TickSpeed
ServerWorld_tickMixin,World_tickMixin
ServerWorld_tickMixin,Token
ServerWorld_tickMixin,CarpetProfiler
ServerWorld_tickMixin,ProfilerToken
ServerWorld_unloadedEntityMixin,EntityMixin
ServerWorld_unloadedEntityMixin,CarpetSettings
SetBlockCommandMixin,CarpetSettings
ShearsItem_missingToolsMixin,Value
ShearsItem_missingToolsMixin,CarpetSettings
ShipwreckGeneratorPieceMixin,CarpetSettings
SpawnHelperMixin,WorldInterface
SpawnHelperMixin,CarpetSettings
SpawnHelperMixin,SpawnReporter
StructureBlockBlockEntity_fillUpdatesMixin,CarpetSettings
StructureFeatureMixin,StructureFeatureInterface
StructureFeatureMixin,CarpetSettings
StructurePieceMixin,CarpetSettings
Structure_fillUpdatesMixin,CarpetSettings
SummonCommandMixin,Value
SummonCommandMixin,CarpetSettings
ThreadedAnvilChunkStorage_tickMixin,Token
ThreadedAnvilChunkStorage_tickMixin,CarpetProfiler
ThreadedAnvilChunkStorage_tickMixin,ProfilerToken
ThrownEntityMixin,Logger
ThrownEntityMixin,LoggerRegistry
ThrownEntityMixin,TrajectoryLogHelper
ThrownEntityMixin,EntityMixin
TntBlockMixin,CarpetSettings
TntEntityMixin,Logger
TntEntityMixin,LoggerRegistry
TntEntityMixin,TNTLogHelper
TntEntityMixin,EntityMixin
TntEntityMixin,CarpetSettings
VillagerEntity_aiMixin,Messenger
VillagerEntity_aiMixin,MobAI
WorldChunk_fillUpdatesMixin,CarpetSettings
WorldChunk_movableTEMixin,WorldChunkInterface
WorldChunk_movableTEMixin,CarpetSettings
World_fillUpdatesMixin,Value
World_fillUpdatesMixin,CarpetSettings
World_movableTEMixin,WorldChunkInterface
World_movableTEMixin,WorldInterface
World_tickMixin,WorldInterface
World_tickMixin,TickSpeed
World_tickMixin,Token
World_tickMixin,CarpetProfiler
World_tickMixin,ProfilerToken
EntityPlayerMPFake,EntityInterface
EntityPlayerMPFake,ServerPlayerEntityInterface
EntityPlayerMPFake,Action
EntityPlayerMPFake,NetworkManagerFake
EntityPlayerMPFake,Messenger
CarpetContext,Context
CarpetContext,ScriptHost
ScheduledCall,CarpetServer
ScheduledCall,CarpetContext
ScheduledCall,Callback
ScheduledCall,Context
ScheduledCall,LazyValue
ScheduledCall,Value
CallbackList,CarpetServer
CallbackList,CarpetContext
CallbackList,CarpetEventServer
CallbackList,Callback
CallbackList,ScheduledCall
CallbackList,Context
CallbackList,LazyValue
CallbackList,ScriptHost
CallbackList,UserDefinedFunction
CallbackList,BlockValue
CallbackList,EntityValue
CallbackList,ListValue
CallbackList,NumericValue
CallbackList,StringValue
CallbackList,Value
CallbackList,Result
CarpetExpression,CarpetServer
CarpetExpression,MinecraftServerInterface
CarpetExpression,FeatureGenerator
CarpetExpression,CarpetContext
CarpetExpression,Context
CarpetExpression,Expression
CarpetExpression,ExitStatement
CarpetExpression,LazyValue
CarpetExpression,ScriptHost
CarpetExpression,CarpetExpressionException
CarpetExpression,ExpressionException
CarpetExpression,InternalExpressionException
CarpetExpression,BlockValue
CarpetExpression,LocatorResult
CarpetExpression,VectorLocator
CarpetExpression,PlacementContext
CarpetExpression,EntityValue
CarpetExpression,LazyListValue
CarpetExpression,ListValue
CarpetExpression,NBTSerializableValue
CarpetExpression,InventoryLocator
CarpetExpression,NullValue
CarpetExpression,NumericValue
CarpetExpression,StringValue
CarpetExpression,Value
CarpetExpression,CarpetSettings
CarpetExpression,BlockInfo
CarpetExpression,Messenger
CarpetExpression,Result
CarpetScriptServer,CarpetServer
CarpetScriptServer,CarpetEventServer
CarpetScriptServer,CarpetExpression
CarpetScriptServer,Expression
CarpetScriptServer,LazyValue
CarpetScriptServer,ScriptHost
CarpetScriptServer,CameraPathModule
CarpetScriptServer,FileModule
CarpetScriptServer,ModuleInterface
CarpetScriptServer,CarpetExpressionException
CarpetScriptServer,ExpressionException
CarpetScriptServer,InvalidCallbackException
CarpetScriptServer,Value
CarpetScriptServer,Messenger
Context,LazyValue
Context,ScriptHost
Context,Value
Expression,ILazyFunction
Expression,ILazyOperator
Expression,LazyValue
Expression,NumericValue
Expression,Value
ExitStatement,Value
ReturnStatement,ExitStatement
ReturnStatement,Value
ThrowStatement,Context
ThrowStatement,Expression
ThrowStatement,ExitStatement
ThrowStatement,ReturnStatement
ThrowStatement,ILazyFunction
ThrowStatement,ILazyOperator
ThrowStatement,AbstractLazyFunction
ThrowStatement,AbstractFunction
ThrowStatement,AbstractLazyOperator
ThrowStatement,AbstractOperator
ThrowStatement,AbstractUnaryOperator
ThrowStatement,LazyValue
ThrowStatement,Tokenizer
ThrowStatement,Token
ThrowStatement,UserDefinedFunction
ThrowStatement,ExpressionException
ThrowStatement,InternalExpressionException
ThrowStatement,AbstractListValue
ThrowStatement,FunctionSignatureValue
ThrowStatement,GlobalValue
ThrowStatement,LazyListValue
ThrowStatement,ListValue
ThrowStatement,ListConstructorValue
ThrowStatement,NumericValue
ThrowStatement,StringValue
ThrowStatement,Value
ExpressionInspector,CarpetExpression
ExpressionInspector,Expression
ExpressionInspector,ScriptHost
ExpressionInspector,Tokenizer
ExpressionInspector,Token
ILazyFunction,Context
ILazyFunction,Expression
ILazyFunction,LazyValue
ILazyFunction,Tokenizer
ILazyFunction,Token
ILazyFunction,Value
IFunction,ILazyFunction
IFunction,Value
ILazyOperator,Context
ILazyOperator,Expression
ILazyOperator,LazyValue
ILazyOperator,Tokenizer
ILazyOperator,Token
ILazyOperator,Value
IOperator,ILazyOperator
IOperator,Value
AbstractLazyFunction,ILazyFunction
AbstractFunction,Context
AbstractFunction,Expression
AbstractFunction,IFunction
AbstractFunction,AbstractLazyFunction
AbstractFunction,LazyValue
AbstractFunction,Tokenizer
AbstractFunction,Token
AbstractFunction,Value
AbstractLazyOperator,ILazyOperator
AbstractOperator,Context
AbstractOperator,Expression
AbstractOperator,IOperator
AbstractOperator,AbstractLazyOperator
AbstractOperator,LazyValue
AbstractOperator,Tokenizer
AbstractOperator,Token
AbstractOperator,Value
AbstractUnaryOperator,Context
AbstractUnaryOperator,Expression
AbstractUnaryOperator,AbstractOperator
AbstractUnaryOperator,LazyValue
AbstractUnaryOperator,Tokenizer
AbstractUnaryOperator,Token
AbstractUnaryOperator,ExpressionException
AbstractUnaryOperator,Value
LazyValue,Context
LazyValue,Value
ScriptHost,CarpetServer
ScriptHost,CarpetContext
ScriptHost,Context
ScriptHost,Expression
ScriptHost,LazyValue
ScriptHost,Tokenizer
ScriptHost,Token
ScriptHost,UserDefinedFunction
ScriptHost,ModuleInterface
ScriptHost,ExpressionException
ScriptHost,InvalidCallbackException
ScriptHost,NumericValue
ScriptHost,StringValue
ScriptHost,Value
ScriptHost,CarpetSettings
Tokenizer,Expression
Tokenizer,Token
Tokenizer,ExpressionException
Tokenizer,InternalExpressionException
UserDefinedFunction,Expression
UserDefinedFunction,Fluff
UserDefinedFunction,ILazyFunction
UserDefinedFunction,AbstractLazyFunction
UserDefinedFunction,Tokenizer
UserDefinedFunction,Token
CameraPathModule,ModuleInterface
FileModule,CarpetServer
FileModule,ModuleInterface
CarpetExpressionException,ExpressionException
ExpressionException,Expression
ExpressionException,Fluff
ExpressionException,Tokenizer
ExpressionException,Token
InternalExpressionException,ExpressionException
AbstractListValue,ListValue
AbstractListValue,Value
BlockValue,CarpetContext
BlockValue,Context
BlockValue,LazyValue
BlockValue,ExpressionException
BlockValue,InternalExpressionException
BlockValue,LocatorResult
BlockValue,VectorLocator
BlockValue,ListValue
BlockValue,NumericValue
BlockValue,StringValue
BlockValue,Value
BlockValue,Result
LocatorResult,BlockValue
LocatorResult,Value
LocatorResult,Result
PlacementContext,Context
PlacementContext,ExpressionException
PlacementContext,InternalExpressionException
PlacementContext,Result
EntityValue,EntityInterface
EntityValue,MobEntityInterface
EntityValue,Tracer
EntityValue,ExpressionException
EntityValue,InternalExpressionException
EntityValue,BlockValue
EntityValue,ListValue
EntityValue,NBTSerializableValue
EntityValue,NullValue
EntityValue,NumericValue
EntityValue,StringValue
EntityValue,Value
EntityValue,Result
FunctionSignatureValue,ExpressionException
FunctionSignatureValue,Value
GlobalValue,Value
LazyListValue,ExpressionException
LazyListValue,InternalExpressionException
LazyListValue,AbstractListValue
LazyListValue,ListValue
LazyListValue,NumericValue
LazyListValue,Value
ListValue,ExpressionException
ListValue,InternalExpressionException
ListValue,AbstractListValue
ListValue,NBTSerializableValue
ListValue,NumericValue
ListValue,StringValue
ListValue,Value
ListConstructorValue,ListValue
ListConstructorValue,NumericValue
ListConstructorValue,Value
NBTSerializableValue,CarpetContext
NBTSerializableValue,Context
NBTSerializableValue,LazyValue
NBTSerializableValue,ExpressionException
NBTSerializableValue,InternalExpressionException
NBTSerializableValue,BlockValue
NBTSerializableValue,EntityValue
NBTSerializableValue,ListValue
NBTSerializableValue,InventoryLocator
NBTSerializableValue,NumericValue
NBTSerializableValue,StringValue
NBTSerializableValue,Value
InventoryLocator,ExpressionException
InventoryLocator,InternalExpressionException
InventoryLocator,ListValue
InventoryLocator,NBTSerializableValue
InventoryLocator,Value
NullValue,NumericValue
NullValue,Value
NumericValue,ExpressionException
NumericValue,InternalExpressionException
NumericValue,ListValue
NumericValue,NullValue
NumericValue,StringValue
NumericValue,Value
StringValue,Value
Value,ExpressionException
Value,InternalExpressionException
Value,ListValue
Value,NullValue
Value,NumericValue
Value,StringValue
CarpetSettings,Logger
CarpetSettings,Rule
CarpetSettings,Validator
CarpetSettings,WIP
PushLimitLimits,Value
PushLimitLimits,Rule
FillLimitLimits,Value
FillLimitLimits,Rule
FillLimitLimits,Validator
FillLimitLimits,NONNEGATIVE_NUMBER
ViewDistanceValidator,CarpetServer
ViewDistanceValidator,Value
ViewDistanceValidator,Rule
ViewDistanceValidator,Validator
ViewDistanceValidator,Messenger
DisableSpawnChunksValidator,CarpetServer
DisableSpawnChunksValidator,Value
DisableSpawnChunksValidator,Rule
DisableSpawnChunksValidator,Validator
KelpLimit,Value
KelpLimit,Rule
ParsedRule,CarpetServer
ParsedRule,Value
ParsedRule,Rule
ParsedRule,RuleCategory
ParsedRule,Validator
ParsedRule,_COMMAND
ParsedRule,_STRICT
ParsedRule,Messenger
SettingsManager,CarpetServer
SettingsManager,Value
SettingsManager,CarpetSettings
SettingsManager,ParsedRule
SettingsManager,Rule
SettingsManager,RuleCategory
SettingsManager,Messenger
Validator,Value
Validator,Rule
POSITIVE_NUMBER,Value
POSITIVE_NUMBER,Rule
_COMMAND,CarpetServer
_COMMAND,Value
_COMMAND,Rule
WIP,Value
WIP,Rule
WIP,Messenger
_STRICT,Value
_STRICT,Rule
_STRICT,Messenger
NONNEGATIVE_NUMBER,Value
NONNEGATIVE_NUMBER,Rule
BlockInfo,Messenger
ProfilerToken,Token
ProfilerToken,Value
ProfilerToken,CarpetSettings
ProfilerToken,Messenger
DistanceCalculator,Messenger
HUDController,HopperCounter
HUDController,TickSpeed
HUDController,Logger
HUDController,LoggerRegistry
HUDController,PacketCounter
HUDController,PlayerListHeaderS2CPacketMixin
HUDController,Messenger
HUDController,SpawnReporter
Messenger,Action
Messenger,Logger
Messenger,_COMMAND
MobAI,CarpetServer
Result,PerimeterDiagnostics
SpawnReporter,WeightedPickerEntryMixin
SpawnReporter,Messenger
SpawnReporter,WoolTool
WoolTool,Action
WoolTool,HopperCounter
WoolTool,CarpetSettings
WoolTool,BlockInfo
WoolTool,DistanceCalculator
WoolTool,Messenger
WoolTool,SpawnReporter
