HtmlEscapeRenderer,EscapeUtils
HtmlResult,Result
AnnoCommandResults,HtmlEscapeRenderer
AnnoCommandResults,IndexRenderer
AnnoCommandResults,JmteDebug
AnnoCommandResults,LogRenderer
AnnoCommandResults,NodeRenderer
AnnoCommandResults,NumberRenderer
AnnoCommandResults,RelativePathRenderer
AnnoCommandResults,ResultRenderer
AnnoCommandResults,StringRenderer
AnnoCommandResults,TestSuiteSummary
AnnoCommandResults,TestSuiteTree
AnnoCommandResults,Node
AnnoCommandResults,TimeRenderer
AnnoCommandResults,Error
AnnoCommandResults,ICommand
AnnoCommandResults,Context
AnnoCommandResults,Selenese
AnnoCommandResults,TestCase
AnnoCommandResults,TestSuite
AnnoCommandResults,CommandList
AnnoCommandResults,ICommand
AnnoCommandResults,Type
AnnoCommandResults,CommandResult
AnnoCommandResults,CommandResultList
AnnoCommandResults,Error
AnnoCommandResults,Result
AnnoCommandResults,SystemInformation
HtmlResultHolder,HtmlResult
HtmlResultHolder,Result
IHtmlResultTestCase,IHtmlResultTestTarget
IHtmlResultTestCase,TestCase
IHtmlResultTestCase,CommandList
IHtmlResultTestCase,CommandResultList
IHtmlResultTestSuite,IHtmlResultTestTarget
IHtmlResultTestSuite,ITreedFileGenerator
IHtmlResultTestSuite,TestSuite
IHtmlResultTestTarget,Type
IHtmlResultTestTarget,Result
JmteDebug,Context
JmteDebug,Type
JmteDebug,Builder
JmteDebug,Builder
LogRenderer,HtmlResult
LogRenderer,Result
LogRenderer,EscapeUtils
LogRenderer,PathUtils
LogRenderer,Builder
LogRenderer,Builder
NodeRenderer,Node
RelativePathRenderer,HtmlResult
RelativePathRenderer,Result
RelativePathRenderer,PathUtils
ResultRenderer,Result
Node,TestSuiteSummary
Node,Selenese
Node,TestSuite
TimeRenderer,Id
UrlEncodeRenderer,Builder
UrlEncodeRenderer,Builder
FailsafeSummary,Result
ITestCase,ITestTarget
ITestCase,TestCase
ITestCase,LogRecorder
ITestSuite,ITestTarget
ITestSuite,ITreedFileGenerator
ITestSuite,TestSuite
ITestTarget,Error
ITestTarget,Error
ITestTarget,StopWatch
JUnitResult,Error
JUnitResult,FailsafeSummary
JUnitResult,Failure
JUnitResult,ITestCase
JUnitResult,ITestSuite
JUnitResult,ITestTarget
JUnitResult,ObjectFactory
JUnitResult,Property
JUnitResult,Skipped
JUnitResult,TestCaseResult
JUnitResult,TestSuiteResult
JUnitResult,Context
JUnitResult,TestCase
JUnitResult,TestSuite
JUnitResult,Error
JUnitResult,Failure
JUnitResult,Result
JUnitResult,Success
JUnitResult,CommandLineUtils
JUnitResultHolder,JUnitResult
JUnitResultHolder,Result
ObjectFactory,Error
ObjectFactory,FailsafeSummary
ObjectFactory,Failure
ObjectFactory,ITestCase
ObjectFactory,ITestSuite
ObjectFactory,Property
ObjectFactory,TestCaseResult
ObjectFactory,TestSuiteResult
ObjectFactory,TestCase
ObjectFactory,TestSuite
ObjectFactory,Error
ObjectFactory,Failure
ObjectFactory,Result
SkippedAdapter,Skipped
TestCaseResult,Error
TestCaseResult,Failure
TestCaseResult,ITestCase
TestCaseResult,Property
TestCaseResult,SkippedAdapter
TestCaseResult,Skipped
TestCaseResult,TestCase
TestCaseResult,Error
TestCaseResult,Failure
TestCaseResult,Result
TestCaseResult,Success
TestCaseResult,LangUtils
TestCaseResult,LogRecorder
TestCaseResult,LogMessage
TestResult,ITestTarget
TestResult,DateTimeUtils
TestResult,StopWatch
TestSuiteResult,Error
TestSuiteResult,ITestSuite
TestSuiteResult,Property
TestSuiteResult,Skipped
TestSuiteResult,TestCaseResult
TestSuiteResult,TestSuite
TestSuiteResult,Error
TestSuiteResult,Result
JSNativeList,JSWrapper
JSMap,JSWrapper
IRollupRule,RollupRule
IRollupRule,Context
IRollupRule,CommandList
RollupManager,JSList
RollupManager,JSMap
RollupManager,RollupRule
RollupManager,RollupRules
RollupManager,Context
RollupManager,SeleneseRunnerRuntimeException
RollupRule,JSList
RollupRule,JSMap
RollupRule,IRollupRule
RollupRule,ICommand
RollupRule,Context
RollupRule,SeleneseRunnerRuntimeException
RollupRule,CommandFactory
RollupRule,CommandList
RollupRule,ICommand
RollupRule,ICommandFactory
RollupRule,Binder
RollupRules,IRollupRule
RollupRules,RollupManager
RollupRules,RollupRule
RollupRules,Context
RollupRules,SeleneseRunnerRuntimeException
RollupRules,Type
RollupRules,LangUtils
Converter,Error
Converter,ConverterOptions
Converter,Converters
Converter,ConvListGenerator
Converter,SideFile
Converter,Parser
Converter,Selenese
Converter,CommandFactory
Converter,Error
Converter,Result
Converter,Builder
Converter,Builder
ConverterOptions,Property
ConverterOptions,Main
ConverterOptions,Parser
ConverterOptions,DefaultConfig
ConverterOptions,LangUtils
ConverterOptions,Main
Converters,ICommand
Converters,SideCommand
Converters,SideFile
Converters,SideSuite
Converters,SideTest
Converters,Selenese
Converters,SeleneseRunnerRuntimeException
Converters,TestCase
Converters,TestSuite
Converters,CommandList
Converters,ICommand
Converters,Type
Converters,LangUtils
Converters,SeleniumPattern
Converters,Builder
Converters,Builder
ConvListGenerator,ConverterOptions
ICommand,Id
ICommand,Comment
ICommandMetadata,ICommandSignature
ICommandSignature,Id
ICommandSignature,Type
IProject,ICommand
IProject,Id
IProject,ICommand
ISuite,ICommand
ISuite,Id
ISuite,ICommand
ITest,ICommand
ITest,Id
ITest,ICommand
SideBase,Id
SideBase,SideProject
SideCommand,ICommand
SideCommand,Id
SideCommand,Comment
SideCommand,ICommand
SideCommandMetadata,ICommandMetadata
SideCommandMetadata,ICommandSignature
SideCommandMetadata,SideCommandSignature
SideCommandMetadata,CommandsJs
SideCommandSignature,ICommandSignature
SideCommandSignature,Id
SideCommandSignature,Type
SideFile,Id
SideFile,SideBase
SideFile,SideProject
SideFile,SideSuite
SideFile,SideTest
SideFile,InvalidSeleneseException
SideFile,Type
SideFile,ParserUtils
SideFile,Builder
SideFile,Builder
SideProject,Id
SideProject,SideCommand
SideProject,SideFile
SideProject,SideSuite
SideProject,SideTest
SideProject,Builder
SideProject,Builder
SideSuite,SideBase
SideSuite,SideCommand
SideSuite,SideTest
SideTest,SideBase
SideTest,SideCommand
CommandsJs,Parser
Lines,EscapeUtils
Lines,Builder
Lines,Builder
ArgumentInfo,Type
Context,RollupRules
Context,ICommand
Context,AlertActionListener
Context,CollectionMap
Context,Eval
Context,FlowControlState
Context,InteractiveModeHandler
Context,MaxTimeTimer
Context,ModifierKeyState
Context,SubCommandMapProvider
Context,TestCase
Context,TestCaseMap
Context,VarsMap
Context,CommandFactory
Context,CommandListIterator
Context,ICommand
Context,ICommandFactory
Context,JSLibrary
Context,WebDriverElementFinder
Context,CookieFilter
Context,PageInformation
Context,Filter
ErrorSource,Error
ErrorSource,Id
ErrorSource,Context
ErrorSource,InvalidSeleneseException
ErrorSource,Selenese
ErrorSource,Error
ErrorSource,Result
ErrorSource,PathUtils
ErrorSource,StopWatch
ErrorTestCase,IHtmlResultTestCase
ErrorTestCase,ITestCase
ErrorTestCase,Context
ErrorTestCase,ErrorSource
ErrorTestCase,InvalidSeleneseException
ErrorTestCase,Selenese
ErrorTestCase,TestCase
ErrorTestCase,CommandList
ErrorTestCase,Type
ErrorTestCase,ExecuteTestCase
ErrorTestCase,CommandResultList
ErrorTestCase,Result
ErrorTestCase,LogRecorder
ErrorTestProject,ErrorTestSuite
ErrorTestProject,InvalidSeleneseException
ErrorTestProject,TestProject
ErrorTestProject,TestSuite
ErrorTestProject,Type
ErrorTestSuite,IHtmlResultTestSuite
ErrorTestSuite,ITestSuite
ErrorTestSuite,Context
ErrorTestSuite,ErrorSource
ErrorTestSuite,InvalidSeleneseException
ErrorTestSuite,ITreedFileGenerator
ErrorTestSuite,Selenese
ErrorTestSuite,TestSuite
ErrorTestSuite,Type
ErrorTestSuite,ExecuteTestSuite
ErrorTestSuite,Result
Eval,Context
Eval,SeleneseRunnerRuntimeException
Eval,VarsMap
Eval,SeleneseRunnerMutator
Eval,Builder
Eval,Builder
InteractiveModeHandler,Context
InteractiveModeHandler,CommandListIterator
InteractiveModeHandler,CurrentCommand
ITreedFileGenerator,Builder
ITreedFileGenerator,Builder
Main,HtmlResult
Main,Property
Main,RollupRules
Main,Converter
Main,Id
Main,InteractiveModeHandler
Main,MaxTimeTimer
Main,Runner
Main,VarsMap
Main,CommandFactory
Main,Highlight
Main,ICommandFactory
Main,Rollup
Main,SetSpeed
Main,Type
Main,DefaultConfig
Main,IConfig
Main,CookieFilter
Main,Result
Main,CommandDumper
Main,LangUtils
Main,LoggerUtils
Main,DriverOptions
Main,WebDriverFactory
Main,WebDriverManager
Main,WebDriverPreparator
Main,Filter
MaxTimeActiveTimer,MaxTimeTimer
ModifierKeyState,Context
ModifierKeyState,AltKeyDown
ModifierKeyState,ControlKeyDown
ModifierKeyState,KeyDown
ModifierKeyState,KeyUp
ModifierKeyState,MetaKeyDown
ModifierKeyState,ShiftKeyDown
ModifierKeyState,Builder
ModifierKeyState,Builder
NullContext,RollupRules
NullContext,AlertActionListener
NullContext,CollectionMap
NullContext,Context
NullContext,Eval
NullContext,ModifierKeyState
NullContext,TestCase
NullContext,VarsMap
NullContext,CommandFactory
NullContext,CommandListIterator
NullContext,ICommandFactory
NullContext,JSLibrary
NullContext,WebDriverElementFinder
NullContext,CookieFilter
NullContext,PageInformation
NullContext,SubCommandMap
NullContext,Filter
Parser,ErrorTestProject
Parser,ErrorTestSuite
Parser,InvalidSeleneseException
Parser,Selenese
Parser,TestCaseMap
Parser,TestProject
Parser,TestProjectParser
Parser,TestSuite
Parser,CommandFactory
Parser,ICommandFactory
Parser,Type
Parser,Binder
Parser,ParserUtils
Parser,SeleneseTestProjectReader
Parser,SideTestProjectReader
Parser,TestProjectReader
Runner,HtmlResult
Runner,HtmlResultHolder
Runner,JUnitResult
Runner,JUnitResultHolder
Runner,RollupRules
Runner,ICommand
Runner,AlertActionListener
Runner,CollectionMap
Runner,Context
Runner,Eval
Runner,FlowControlState
Runner,InteractiveModeHandler
Runner,MaxTimeTimer
Runner,ModifierKeyState
Runner,ScreenshotHandler
Runner,SimpleInteractiveModeHandler
Runner,SubCommandMapProvider
Runner,TestCase
Runner,TestCaseMap
Runner,VarsMap
Runner,CommandFactory
Runner,CommandListIterator
Runner,Highlight
Runner,ICommand
Runner,Screenshot
Runner,Type
Runner,HighlightHandler
Runner,HighlightStyleBackup
Runner,JSLibrary
Runner,WebDriverElementFinder
Runner,CookieFilter
Runner,PageInformation
Runner,Result
Runner,SubCommandMap
Runner,LangUtils
Runner,LogRecorder
Runner,MouseUtils
Runner,PathUtils
Runner,WebDriverPreparator
Runner,Filter
AlertActionImpl,HtmlResult
AlertActionImpl,Error
AlertActionImpl,FailsafeSummary
AlertActionImpl,JUnitResult
AlertActionImpl,RollupRules
AlertActionImpl,ICommand
AlertActionImpl,AlertActionListener
AlertActionImpl,CollectionMap
AlertActionImpl,ErrorSource
AlertActionImpl,Eval
AlertActionImpl,FlowControlState
AlertActionImpl,InteractiveModeHandler
AlertActionImpl,InvalidSeleneseException
AlertActionImpl,MaxTimeActiveTimer
AlertActionImpl,MaxTimeTimer
AlertActionImpl,ModifierKeyState
AlertActionImpl,Parser
AlertActionImpl,Selenese
AlertActionImpl,TestCase
AlertActionImpl,TestCaseMap
AlertActionImpl,TestSuite
AlertActionImpl,VarsMap
AlertActionImpl,CommandFactory
AlertActionImpl,CommandListIterator
AlertActionImpl,Highlight
AlertActionImpl,ICommand
AlertActionImpl,Type
AlertActionImpl,HighlightStyle
AlertActionImpl,HighlightStyleBackup
AlertActionImpl,Binder
AlertActionImpl,JSLibrary
AlertActionImpl,Locator
AlertActionImpl,WebDriverElementFinder
AlertActionImpl,CookieFilter
AlertActionImpl,PageInformation
AlertActionImpl,Error
AlertActionImpl,Result
AlertActionImpl,SubCommandMap
AlertActionImpl,Filter
ScreenshotHandler,Screenshot
Selenese,ITestTarget
Selenese,Id
Selenese,Context
Selenese,Type
Selenese,Result
SeleneseCommandErrorException,Error
SeleneseCommandErrorException,Error
SimpleInteractiveModeHandler,Context
SimpleInteractiveModeHandler,InteractiveModeHandler
SimpleInteractiveModeHandler,CommandListIterator
SimpleInteractiveModeHandler,Comment
SimpleInteractiveModeHandler,CurrentCommand
SimpleInteractiveModeHandler,Debugger
SubCommandMapProvider,SubCommandMap
TestCase,IHtmlResultTestCase
TestCase,Error
TestCase,ITestCase
TestCase,ICommand
TestCase,Id
TestCase,Context
TestCase,Selenese
TestCase,BlockEnd
TestCase,BlockStart
TestCase,CommandFactory
TestCase,CommandList
TestCase,End
TestCase,ICommand
TestCase,ICommandFactory
TestCase,Type
TestCase,Binder
TestCase,ExecuteTestCase
TestCase,CommandResultList
TestCase,Error
TestCase,Result
TestCase,LogRecorder
TestCase,PathUtils
TestCase,StopWatch
TestCase,Builder
TestCase,Builder
TestCaseMap,Id
TestCaseMap,TestCase
TestCaseParser,Id
TestCaseParser,ErrorTestCase
TestCaseParser,InvalidSeleneseException
TestCaseParser,Parser
TestCaseParser,Selenese
TestCaseParser,TestCase
TestCaseParser,CommandFactory
TestCaseParser,ICommandFactory
TestCaseParser,Type
TestCaseParser,Binder
TestCaseParser,CommandEntry
TestCaseParser,CommandIterator
TestCaseParser,TestProjectReader
TestProject,Context
TestProject,Selenese
TestProject,TestCaseMap
TestProject,TestSuite
TestProject,Type
TestProject,ExecuteTestSuite
TestProject,Result
TestProjectParser,Id
TestProjectParser,ErrorTestSuite
TestProjectParser,InvalidSeleneseException
TestProjectParser,Parser
TestProjectParser,Selenese
TestProjectParser,TestCaseMap
TestProjectParser,TestProject
TestProjectParser,TestSuite
TestProjectParser,TestSuiteParser
TestProjectParser,CommandFactory
TestProjectParser,ICommandFactory
TestProjectParser,Type
TestProjectParser,Binder
TestProjectParser,TestCaseIterator
TestProjectParser,TestElementIterator
TestProjectParser,TestProjectReader
TestProjectParser,TestSuiteEntry
TestProjectParser,TestSuiteIterator
TestSuite,IHtmlResultTestSuite
TestSuite,Error
TestSuite,ITestSuite
TestSuite,Id
TestSuite,Context
TestSuite,InvalidSeleneseException
TestSuite,ITreedFileGenerator
TestSuite,Parser
TestSuite,Selenese
TestSuite,TestCase
TestSuite,CommandFactory
TestSuite,ICommandFactory
TestSuite,Type
TestSuite,ExecuteTestSuite
TestSuite,PageInformation
TestSuite,Error
TestSuite,Result
TestSuite,PathUtils
TestSuite,StopWatch
TestSuite,Builder
TestSuite,Builder
TestSuiteParser,Id
TestSuiteParser,ErrorTestCase
TestSuiteParser,InvalidSeleneseException
TestSuiteParser,Parser
TestSuiteParser,Selenese
TestSuiteParser,TestCase
TestSuiteParser,TestCaseParser
TestSuiteParser,TestSuite
TestSuiteParser,CommandFactory
TestSuiteParser,ICommandFactory
TestSuiteParser,Type
TestSuiteParser,Binder
TestSuiteParser,CommandIterator
TestSuiteParser,TestCaseEntry
TestSuiteParser,TestCaseIterator
TestSuiteParser,TestElementIterator
TestSuiteParser,TestProjectReader
VarsMap,End
VarsMap,SeleniumUtils
AbstractCommand,Error
AbstractCommand,Failure
AbstractCommand,ICommand
AbstractCommand,ICommandSignature
AbstractCommand,SideCommand
AbstractCommand,SideCommandMetadata
AbstractCommand,Context
AbstractCommand,SeleneseRunnerRuntimeException
AbstractCommand,VarsMap
AbstractCommand,BlockEnd
AbstractCommand,BlockStart
AbstractCommand,End
AbstractCommand,EndLoop
AbstractCommand,ICommand
AbstractCommand,Screenshot
AbstractCommand,StartLoop
AbstractCommand,Type
AbstractCommand,Locator
AbstractCommand,Error
AbstractCommand,Failure
AbstractCommand,Result
AbstractCommand,LoggerUtils
AbstractCommand,Builder
AbstractCommand,Builder
AddCollection,CollectionMap
AddCollection,Context
AddCollection,AbstractCommand
AddCollection,Result
AddLocationStrategy,Context
AddLocationStrategy,AbstractCommand
AddLocationStrategy,Result
AddSelection,Context
AddSelection,SeleneseRunnerRuntimeException
AddSelection,AbstractCommand
AddSelection,SelectElement
AddSelection,Result
AddToCollection,CollectionMap
AddToCollection,Context
AddToCollection,AbstractCommand
AddToCollection,Result
AllowNativeXpath,Error
AllowNativeXpath,Context
AllowNativeXpath,AbstractCommand
AllowNativeXpath,Error
AllowNativeXpath,Result
AllowNativeXpath,Warning
AltKeyDown,Context
AltKeyDown,ModifierKeyState
AltKeyDown,AbstractCommand
AltKeyDown,KeyDown
AltKeyDown,Result
AltKeyUp,Context
AltKeyUp,ModifierKeyState
AltKeyUp,AbstractCommand
AltKeyUp,KeyUp
AltKeyUp,Result
AnswerOnNextNativeAlert,AlertActionListener
AnswerOnNextNativeAlert,Context
AnswerOnNextNativeAlert,AbstractCommand
AnswerOnNextNativeAlert,Result
AnswerOnNextPrompt,Context
AnswerOnNextPrompt,AbstractCommand
AnswerOnNextPrompt,JSLibrary
AnswerOnNextPrompt,Result
Assert,Failure
Assert,Context
Assert,TestCase
Assert,VarsMap
Assert,AbstractCommand
Assert,Assertion
Assert,Type
Assert,Failure
Assert,Result
Assert,GetExpression
Assertion,Failure
Assertion,SideCommand
Assertion,Context
Assertion,AbstractCommand
Assertion,Type
Assertion,Failure
Assertion,Result
Assertion,Warning
Assertion,EscapeUtils
Assertion,SeleniumUtils
AssignId,Id
AssignId,Context
AssignId,AbstractCommand
AssignId,Result
AttachFile,Error
AttachFile,Context
AttachFile,TestCase
AttachFile,AbstractCommand
AttachFile,Error
AttachFile,Result
AttachFile,Warning
BlockEnd,BlockStart
BlockEnd,End
BlockEndImpl,ICommand
BlockEndImpl,Context
BlockEndImpl,FlowControlState
BlockEndImpl,AbstractCommand
BlockEndImpl,BlockEnd
BlockEndImpl,BlockStart
BlockEndImpl,CommandListIterator
BlockEndImpl,End
BlockEndImpl,ICommand
BlockEndImpl,Type
BlockEndImpl,Result
BlockEndImpl,Success
BlockStart,BlockEnd
BlockStart,End
BlockStartImpl,AbstractCommand
BlockStartImpl,BlockEnd
BlockStartImpl,BlockStart
BlockStartImpl,End
BlockStartImpl,Type
BuiltInCommand,Context
BuiltInCommand,AbstractCommand
BuiltInCommand,WaitForPageToLoad
BuiltInCommand,Result
BuiltInCommand,Success
BuiltInCommand,SeleniumUtils
BuiltInCommand,Wait
CaptureEntirePageScreenshot,Context
CaptureEntirePageScreenshot,ScreenshotHandler
CaptureEntirePageScreenshot,AbstractCommand
CaptureEntirePageScreenshot,Screenshot
CaptureEntirePageScreenshot,Result
CaptureEntirePageScreenshot,Success
CaptureEntirePageScreenshot,Warning
CaptureEntirePageScreenshot,LangUtils
Check,Context
Check,AbstractCommand
Check,JSLibrary
Check,Result
ChooseCancelOnNextConfirmation,Context
ChooseCancelOnNextConfirmation,AbstractCommand
ChooseCancelOnNextConfirmation,JSLibrary
ChooseCancelOnNextConfirmation,Result
ChooseCancelOnNextNativeAlert,AlertActionListener
ChooseCancelOnNextNativeAlert,Context
ChooseCancelOnNextNativeAlert,AbstractCommand
ChooseCancelOnNextNativeAlert,Result
ChooseCancelOnNextPrompt,Context
ChooseCancelOnNextPrompt,AbstractCommand
ChooseCancelOnNextPrompt,JSLibrary
ChooseCancelOnNextPrompt,Result
ChooseOkOnNextConfirmation,Context
ChooseOkOnNextConfirmation,AbstractCommand
ChooseOkOnNextConfirmation,JSLibrary
ChooseOkOnNextConfirmation,Result
ChooseOkOnNextNativeAlert,AlertActionListener
ChooseOkOnNextNativeAlert,Context
ChooseOkOnNextNativeAlert,AbstractCommand
ChooseOkOnNextNativeAlert,Result
Click,SideCommand
Click,Context
Click,VarsMap
Click,AbstractCommand
Click,ClickHandler
Click,Result
Click,Success
Click,Wait
ClickAt,Context
ClickAt,AbstractCommand
ClickAt,Click
ClickAt,ClickHandler
ClickAt,Result
ClickAt,MouseUtils
ClickHandler,Context
ClickHandler,Selenese
ClickHandler,TestCase
ClickHandler,Click
ClickHandler,Type
ClickHandler,JSLibrary
ClickHandler,Result
Close,Context
Close,AbstractCommand
Close,Result
CommandFactory,ICommand
CommandFactory,Id
CommandFactory,Context
CommandFactory,SeleneseRunnerRuntimeException
CommandFactory,SubCommandMapProvider
CommandFactory,AddCollection
CommandFactory,AddLocationStrategy
CommandFactory,AddSelection
CommandFactory,AddToCollection
CommandFactory,AllowNativeXpath
CommandFactory,AltKeyDown
CommandFactory,AltKeyUp
CommandFactory,AnswerOnNextNativeAlert
CommandFactory,AnswerOnNextPrompt
CommandFactory,Assert
CommandFactory,Assertion
CommandFactory,AssignId
CommandFactory,AttachFile
CommandFactory,BuiltInCommand
CommandFactory,CaptureEntirePageScreenshot
CommandFactory,Check
CommandFactory,ChooseCancelOnNextConfirmation
CommandFactory,ChooseCancelOnNextNativeAlert
CommandFactory,ChooseCancelOnNextPrompt
CommandFactory,ChooseOkOnNextConfirmation
CommandFactory,ChooseOkOnNextNativeAlert
CommandFactory,Click
CommandFactory,ClickAt
CommandFactory,Close
CommandFactory,Comment
CommandFactory,ContextMenu
CommandFactory,ControlKeyDown
CommandFactory,ControlKeyUp
CommandFactory,CreateCookie
CommandFactory,Debugger
CommandFactory,DeleteAllVisibleCookies
CommandFactory,DeleteCookie
CommandFactory,DeselectPopUp
CommandFactory,Do
CommandFactory,DoubleClick
CommandFactory,DoubleClickAt
CommandFactory,DragAndDrop
CommandFactory,DragAndDropToObject
CommandFactory,Echo
CommandFactory,EditContent
CommandFactory,Else
CommandFactory,ElseIf
CommandFactory,End
CommandFactory,EndFor
CommandFactory,EndWhile
CommandFactory,ExecuteAsyncScript
CommandFactory,ExecuteScript
CommandFactory,FireEvent
CommandFactory,Focus
CommandFactory,ForEach
CommandFactory,GoBack
CommandFactory,GotoIf
CommandFactory,Gotolabel
CommandFactory,Highlight
CommandFactory,ICommand
CommandFactory,ICommandFactory
CommandFactory,If
CommandFactory,Include
CommandFactory,KeyDown
CommandFactory,KeyPress
CommandFactory,KeyUp
CommandFactory,Label
CommandFactory,MetaKeyDown
CommandFactory,MetaKeyUp
CommandFactory,Nop
CommandFactory,Open
CommandFactory,OpenWindow
CommandFactory,Pause
CommandFactory,Refresh
CommandFactory,RemoveAllSelections
CommandFactory,RemoveSelection
CommandFactory,RepeatIf
CommandFactory,Rollup
CommandFactory,Run
CommandFactory,RunScript
CommandFactory,Screenshot
CommandFactory,Select
CommandFactory,SelectFrame
CommandFactory,SelectPopUp
CommandFactory,SelectWindow
CommandFactory,SetCursorPosition
CommandFactory,SetSpeed
CommandFactory,SetTimeout
CommandFactory,SetWindowSize
CommandFactory,ShiftKeyDown
CommandFactory,ShiftKeyUp
CommandFactory,Store
CommandFactory,StoreFor
CommandFactory,StoreJson
CommandFactory,StoreTitle
CommandFactory,Submit
CommandFactory,Times
CommandFactory,Type
CommandFactory,TypeKeys
CommandFactory,Uncheck
CommandFactory,UseXpathLibrary
CommandFactory,WaitForCondition
CommandFactory,WaitForPageToLoad
CommandFactory,WaitForPopUp
CommandFactory,While
CommandFactory,WindowFocus
CommandFactory,WindowMaximize
CommandFactory,SubCommandMap
CommandFactory,LangUtils
CommandFactory,Wait
CommandFactory,Content
CommandList,Error
CommandList,ICommand
CommandList,Context
CommandList,Eval
CommandList,InteractiveModeHandler
CommandList,SeleneseCommandErrorException
CommandList,CommandListIterator
CommandList,CommandSequence
CommandList,CurrentCommand
CommandList,ICommand
CommandList,ILabel
CommandList,Label
CommandList,Screenshot
CommandList,DoCommand
CommandList,CommandResult
CommandList,CommandResultList
CommandList,Error
CommandList,Result
CommandList,Success
CommandListIterator,ICommand
CommandListIterator,SeleneseRunnerRuntimeException
CommandListIterator,CommandList
CommandListIterator,CommandSequence
CommandListIterator,ICommand
Counter,ICommand
Counter,BlockEnd
Counter,BlockStart
Counter,CommandSequence
Counter,End
Counter,ICommand
Counter,Builder
Counter,Builder
Comment,Context
Comment,AbstractCommand
Comment,Result
ContextMenu,Context
ContextMenu,AbstractCommand
ContextMenu,Click
ContextMenu,JSLibrary
ContextMenu,Result
ControlKeyDown,Context
ControlKeyDown,ModifierKeyState
ControlKeyDown,AbstractCommand
ControlKeyDown,KeyDown
ControlKeyDown,Result
ControlKeyUp,Context
ControlKeyUp,ModifierKeyState
ControlKeyUp,AbstractCommand
ControlKeyUp,KeyUp
ControlKeyUp,Result
CreateCookie,Error
CreateCookie,Context
CreateCookie,AbstractCommand
CreateCookie,Error
CreateCookie,Result
CurrentCommand,ICommand
CurrentCommand,Context
CurrentCommand,TestCase
CurrentCommand,VarsMap
CurrentCommand,ICommand
CurrentCommand,Type
Debugger,Context
Debugger,AbstractCommand
Debugger,Result
DeleteAllVisibleCookies,Context
DeleteAllVisibleCookies,AbstractCommand
DeleteAllVisibleCookies,Result
DeleteCookie,Context
DeleteCookie,AbstractCommand
DeleteCookie,Result
DeleteCookie,Success
DeselectPopUp,Error
DeselectPopUp,Context
DeselectPopUp,AbstractCommand
DeselectPopUp,Error
DeselectPopUp,Result
DeselectPopUp,Success
DeselectPopUp,WindowSelector
Do,Context
Do,FlowControlState
Do,BlockStartImpl
Do,Result
DoubleClick,Context
DoubleClick,AbstractCommand
DoubleClick,Click
DoubleClick,ClickHandler
DoubleClick,Result
DoubleClickAt,Context
DoubleClickAt,AbstractCommand
DoubleClickAt,Click
DoubleClickAt,ClickAt
DoubleClickAt,ClickHandler
DoubleClickAt,Result
DoubleClickAt,MouseUtils
DragAndDrop,Error
DragAndDrop,Context
DragAndDrop,AbstractCommand
DragAndDrop,Error
DragAndDrop,Result
DragAndDropToObject,Context
DragAndDropToObject,AbstractCommand
DragAndDropToObject,WebDriverElementFinder
DragAndDropToObject,Result
Echo,Context
Echo,AbstractCommand
Echo,Result
Echo,Success
EditContent,Failure
EditContent,Context
EditContent,AbstractCommand
EditContent,Failure
EditContent,Result
EditContent,EscapeUtils
EditContent,Content
Else,ICommand
Else,Context
Else,FlowControlState
Else,BlockEnd
Else,BlockStart
Else,BlockStartImpl
Else,CommandListIterator
Else,End
Else,ICommand
Else,IfState
Else,Result
Else,Success
ElseIf,ICommand
ElseIf,Context
ElseIf,FlowControlState
ElseIf,BlockEnd
ElseIf,BlockStart
ElseIf,BlockStartImpl
ElseIf,CommandListIterator
ElseIf,End
ElseIf,ICommand
ElseIf,If
ElseIf,IfState
ElseIf,Result
ElseIf,Success
End,BlockEndImpl
EndFor,BlockEndImpl
EndLoop,BlockEnd
EndLoop,End
EndLoop,StartLoop
EndLoopImpl,BlockEndImpl
EndLoopImpl,Type
EndWhile,BlockEndImpl
EndWhile,While
ExecuteAsyncScript,Error
ExecuteAsyncScript,Failure
ExecuteAsyncScript,Context
ExecuteAsyncScript,VarsMap
ExecuteAsyncScript,AbstractCommand
ExecuteAsyncScript,Error
ExecuteAsyncScript,Failure
ExecuteAsyncScript,Result
ExecuteAsyncScript,Success
ExecuteAsyncScript,SeleniumUtils
ExecuteScript,Context
ExecuteScript,VarsMap
ExecuteScript,AbstractCommand
ExecuteScript,Result
ExecuteScript,Success
ExecuteScript,SeleniumUtils
FireEvent,Context
FireEvent,AbstractCommand
FireEvent,JSLibrary
FireEvent,Result
Focus,Context
Focus,AbstractCommand
Focus,Result
ForEach,BlockStartImpl
ForEachState,Error
ForEachState,Context
ForEachState,FlowControlState
ForEachState,VarsMap
ForEachState,CommandListIterator
ForEachState,End
ForEachState,ForEach
ForEachState,Error
ForEachState,Result
ForEachState,Success
GoBack,Context
GoBack,AbstractCommand
GoBack,Result
GotoIf,Context
GotoIf,AbstractCommand
GotoIf,CommandListIterator
GotoIf,If
GotoIf,Result
Gotolabel,Context
Gotolabel,AbstractCommand
Gotolabel,CommandListIterator
Gotolabel,Result
Highlight,Context
Highlight,Runner
Highlight,AbstractCommand
Highlight,HighlightStyle
Highlight,Locator
Highlight,Result
ICommand,SideCommand
ICommand,ArgumentInfo
ICommand,Context
ICommand,VarsMap
ICommand,BlockStart
ICommand,Screenshot
ICommand,StartLoop
ICommand,Type
ICommand,Result
ICommandFactory,ICommand
ICommandFactory,CommandFactory
ICommandFactory,ICommand
If,BlockStartImpl
IfState,Context
IfState,FlowControlState
IfState,CommandListIterator
IfState,End
IfState,If
IfState,Result
IfState,Success
ILabel,Label
Include,Error
Include,Context
Include,InvalidSeleneseException
Include,Parser
Include,Selenese
Include,TestCase
Include,VarsMap
Include,AbstractCommand
Include,CommandFactory
Include,CommandListIterator
Include,CommandSequence
Include,StartMarker
Include,CommandResult
Include,Error
Include,Result
Include,Success
KeyDown,Context
KeyDown,ModifierKeyState
KeyDown,AbstractCommand
KeyDown,Type
KeyDown,JSLibrary
KeyDown,Result
KeyPress,Context
KeyPress,ModifierKeyState
KeyPress,AbstractCommand
KeyPress,Type
KeyPress,JSLibrary
KeyPress,Result
KeyUp,Context
KeyUp,ModifierKeyState
KeyUp,AbstractCommand
KeyUp,Type
KeyUp,JSLibrary
KeyUp,Result
Label,Context
Label,AbstractCommand
Label,ILabel
Label,Result
MetaKeyDown,Context
MetaKeyDown,ModifierKeyState
MetaKeyDown,AbstractCommand
MetaKeyDown,KeyDown
MetaKeyDown,Result
MetaKeyUp,Context
MetaKeyUp,ModifierKeyState
MetaKeyUp,AbstractCommand
MetaKeyUp,KeyUp
MetaKeyUp,Result
Nop,Context
Nop,AbstractCommand
Nop,Result
Nop,Success
Open,Context
Open,SeleneseRunnerRuntimeException
Open,AbstractCommand
Open,Result
OpenWindow,Context
OpenWindow,Eval
OpenWindow,AbstractCommand
OpenWindow,Result
Pause,Failure
Pause,Context
Pause,MaxTimeActiveTimer
Pause,MaxTimeTimer
Pause,AbstractCommand
Pause,Failure
Pause,MaxTimeExceeded
Pause,Result
Pause,Warning
Pause,LangUtils
Refresh,Context
Refresh,AbstractCommand
Refresh,Result
RemoveAllSelections,Context
RemoveAllSelections,AbstractCommand
RemoveAllSelections,SelectElement
RemoveAllSelections,Result
RemoveAllSelections,Warning
RemoveSelection,Context
RemoveSelection,SeleneseRunnerRuntimeException
RemoveSelection,AbstractCommand
RemoveSelection,SelectElement
RemoveSelection,Result
RepeatIf,ICommand
RepeatIf,Context
RepeatIf,AbstractCommand
RepeatIf,BlockEnd
RepeatIf,BlockStart
RepeatIf,CommandListIterator
RepeatIf,End
RepeatIf,ICommand
RepeatIf,If
RepeatIf,Result
RepeatIf,Success
Rollup,AbstractCommand
Run,Error
Run,Context
Run,TestCase
Run,TestCaseMap
Run,AbstractCommand
Run,CommandListIterator
Run,CommandSequence
Run,StartMarker
Run,CommandResult
Run,Error
Run,Result
Run,Success
RunScript,Context
RunScript,Eval
RunScript,AbstractCommand
RunScript,Result
Select,Context
Select,AbstractCommand
Select,SelectElement
Select,Result
SelectElement,Failure
SelectElement,Context
SelectElement,Select
SelectElement,JSLibrary
SelectElement,Locator
SelectElement,OptionLocator
SelectElement,WebDriverElementFinder
SelectElement,Failure
SelectElement,Result
SelectFrame,Context
SelectFrame,AbstractCommand
SelectFrame,WebDriverElementFinder
SelectFrame,Result
SelectFrame,Wait
SelectPopUp,Error
SelectPopUp,Context
SelectPopUp,AbstractCommand
SelectPopUp,Error
SelectPopUp,Result
SelectPopUp,Success
SelectPopUp,WindowSelector
SelectWindow,Error
SelectWindow,Context
SelectWindow,AbstractCommand
SelectWindow,Error
SelectWindow,Result
SelectWindow,Success
SelectWindow,WindowSelector
SetCursorPosition,Error
SetCursorPosition,Context
SetCursorPosition,AbstractCommand
SetCursorPosition,JSLibrary
SetCursorPosition,Error
SetCursorPosition,Result
SetSpeed,Context
SetSpeed,AbstractCommand
SetSpeed,Result
SetSpeed,Warning
SetSpeed,LangUtils
SetTimeout,Context
SetTimeout,AbstractCommand
SetTimeout,Result
SetTimeout,Warning
SetTimeout,LangUtils
SetWindowSize,Error
SetWindowSize,Context
SetWindowSize,AbstractCommand
SetWindowSize,Error
SetWindowSize,Result
ShiftKeyDown,Context
ShiftKeyDown,ModifierKeyState
ShiftKeyDown,AbstractCommand
ShiftKeyDown,KeyDown
ShiftKeyDown,Result
ShiftKeyUp,Context
ShiftKeyUp,ModifierKeyState
ShiftKeyUp,AbstractCommand
ShiftKeyUp,KeyUp
ShiftKeyUp,Result
StartLoop,BlockEnd
StartLoop,BlockStart
StartLoop,End
StartLoop,EndLoop
StartLoopImpl,BlockStartImpl
StartLoopImpl,Type
StartMarker,ICommand
StartMarker,SideCommand
StartMarker,Context
StartMarker,BlockStart
StartMarker,ICommand
StartMarker,Screenshot
StartMarker,StartLoop
StartMarker,Result
StartMarker,Success
Store,Context
Store,VarsMap
Store,AbstractCommand
Store,Result
Store,Success
Store,SeleniumUtils
StoreFor,CollectionMap
StoreFor,Context
StoreFor,FlowControlState
StoreFor,VarsMap
StoreFor,BlockStartImpl
StoreFor,CommandListIterator
StoreFor,End
StoreFor,Result
StoreFor,Success
StoreJson,Context
StoreJson,VarsMap
StoreJson,AbstractCommand
StoreJson,Result
StoreJson,Success
StoreJson,JsonUtils
StoreTitle,Context
StoreTitle,SeleneseRunnerRuntimeException
StoreTitle,VarsMap
StoreTitle,AbstractCommand
StoreTitle,Result
StoreTitle,Success
StoreTitle,SeleniumUtils
Submit,Context
Submit,AbstractCommand
Submit,JSLibrary
Submit,Result
Times,BlockStartImpl
TimesState,Error
TimesState,Context
TimesState,FlowControlState
TimesState,CommandListIterator
TimesState,End
TimesState,Times
TimesState,Error
TimesState,Result
TimesState,Success
Type,Context
Type,ModifierKeyState
Type,SeleneseRunnerRuntimeException
Type,AbstractCommand
Type,AltKeyDown
Type,ControlKeyDown
Type,KeyDown
Type,MetaKeyDown
Type,ShiftKeyDown
Type,JSLibrary
Type,Result
Type,Warning
TypeKeys,Context
TypeKeys,AbstractCommand
TypeKeys,JSLibrary
TypeKeys,Result
Uncheck,Context
Uncheck,AbstractCommand
Uncheck,JSLibrary
Uncheck,Result
UseXpathLibrary,Context
UseXpathLibrary,AbstractCommand
UseXpathLibrary,Result
UseXpathLibrary,Warning
WaitForCondition,Error
WaitForCondition,Context
WaitForCondition,Eval
WaitForCondition,AbstractCommand
WaitForCondition,Error
WaitForCondition,Result
WaitForCondition,Wait
WaitForPageToLoad,Error
WaitForPageToLoad,Context
WaitForPageToLoad,SeleneseCommandErrorException
WaitForPageToLoad,AbstractCommand
WaitForPageToLoad,Error
WaitForPageToLoad,Result
WaitForPageToLoad,Wait
WaitForPageToLoad,StopCondition
WaitForPopUp,Error
WaitForPopUp,Context
WaitForPopUp,AbstractCommand
WaitForPopUp,Error
WaitForPopUp,Result
WaitForPopUp,Success
WaitForPopUp,Wait
WaitForPopUp,WindowSelector
While,BlockStartImpl
WhileState,Error
WhileState,Context
WhileState,FlowControlState
WhileState,CommandListIterator
WhileState,End
WhileState,While
WhileState,Error
WhileState,Result
WhileState,Success
WindowFocus,Context
WindowFocus,AbstractCommand
WindowFocus,Focus
WindowFocus,Result
WindowMaximize,Context
WindowMaximize,AbstractCommand
WindowMaximize,Result
WindowMaximize,SeleniumUtils
DefaultConfig,HtmlResult
DefaultConfig,Property
DefaultConfig,Main
DefaultConfig,Parser
DefaultConfig,CommandFactory
DefaultConfig,Highlight
DefaultConfig,Rollup
DefaultConfig,SetSpeed
DefaultConfig,Type
DefaultConfig,IConfig
DefaultConfig,OptionMap
DefaultConfig,CookieFilter
DefaultConfig,Result
DefaultConfig,LangUtils
DefaultConfig,SystemInformation
DefaultConfig,Main
DefaultConfig,Filter
IConfig,HtmlResult
IConfig,CommandFactory
IConfig,Highlight
IConfig,Rollup
IConfig,SetSpeed
IConfig,Type
IConfig,CookieFilter
IConfig,Result
IConfig,Filter
OptionEntry,Type
OptionEntry,Builder
OptionEntry,Builder
OptionMap,OptionEntry
HighlightHandler,Highlight
HighlightHandler,HighlightStyle
HighlightHandler,Locator
HighlightStyle,Highlight
HighlightStyle,Locator
HighlightStyle,WebDriverElementFinder
HighlightStyle,SeleniumUtils
HighlightStyleBackup,Highlight
HighlightStyleBackup,HighlightStyle
HighlightStyleBackup,Locator
HighlightStyleBackup,WebDriverElementFinder
AbstractDoCommandInterceptor,ICommand
AbstractDoCommandInterceptor,Context
AbstractDoCommandInterceptor,ICommand
AbstractDoCommandInterceptor,Result
AbstractExecuteTestCaseInterceptor,ITestCase
AbstractExecuteTestCaseInterceptor,Context
AbstractExecuteTestCaseInterceptor,Selenese
AbstractExecuteTestCaseInterceptor,TestCase
AbstractExecuteTestCaseInterceptor,ExecuteTestCaseInterceptor
AbstractExecuteTestCaseInterceptor,Result
AbstractExecuteTestSuiteInterceptor,Context
AbstractExecuteTestSuiteInterceptor,Selenese
AbstractExecuteTestSuiteInterceptor,TestSuite
AbstractExecuteTestSuiteInterceptor,ExecuteTestSuiteInterceptor
AbstractExecuteTestSuiteInterceptor,Result
Binder,ErrorTestCase
Binder,ErrorTestProject
Binder,ErrorTestSuite
Binder,InvalidSeleneseException
Binder,TestCase
Binder,TestProject
Binder,TestSuite
Binder,CommandList
Binder,Type
Binder,BindModule
BindModule,TestCase
BindModule,TestSuite
BindModule,CommandLogInterceptor
BindModule,DoCommand
BindModule,ExecuteTestCase
BindModule,ExecuteTestCaseInterceptor
BindModule,ExecuteTestSuite
BindModule,ExecuteTestSuiteInterceptor
BindModule,HighlightInterceptor
BindModule,MaxTimeInterruptInterceptor
BindModule,ScreenshotInterceptor
CommandLogInterceptor,Error
CommandLogInterceptor,JUnitResult
CommandLogInterceptor,JUnitResultHolder
CommandLogInterceptor,ICommand
CommandLogInterceptor,Context
CommandLogInterceptor,TestCase
CommandLogInterceptor,CommandListIterator
CommandLogInterceptor,CommandSequence
CommandLogInterceptor,ICommand
CommandLogInterceptor,AbstractDoCommandInterceptor
CommandLogInterceptor,CookieFilter
CommandLogInterceptor,PageInformation
CommandLogInterceptor,Error
CommandLogInterceptor,Result
CommandLogInterceptor,LogRecorder
CommandLogInterceptor,Builder
CommandLogInterceptor,Builder
CommandLogInterceptor,Filter
ExecuteTestCaseInterceptor,Error
ExecuteTestCaseInterceptor,Failure
ExecuteTestCaseInterceptor,ITestCase
ExecuteTestCaseInterceptor,JUnitResult
ExecuteTestCaseInterceptor,JUnitResultHolder
ExecuteTestCaseInterceptor,Context
ExecuteTestCaseInterceptor,Selenese
ExecuteTestCaseInterceptor,TestCase
ExecuteTestCaseInterceptor,AbstractExecuteTestCaseInterceptor
ExecuteTestCaseInterceptor,Error
ExecuteTestCaseInterceptor,Failure
ExecuteTestCaseInterceptor,Result
ExecuteTestCaseInterceptor,Success
ExecuteTestCaseInterceptor,LogRecorder
ExecuteTestCaseInterceptor,StopWatch
ExecuteTestSuiteInterceptor,HtmlResult
ExecuteTestSuiteInterceptor,HtmlResultHolder
ExecuteTestSuiteInterceptor,Error
ExecuteTestSuiteInterceptor,JUnitResult
ExecuteTestSuiteInterceptor,JUnitResultHolder
ExecuteTestSuiteInterceptor,Property
ExecuteTestSuiteInterceptor,TestSuiteResult
ExecuteTestSuiteInterceptor,Context
ExecuteTestSuiteInterceptor,Selenese
ExecuteTestSuiteInterceptor,TestSuite
ExecuteTestSuiteInterceptor,AbstractExecuteTestSuiteInterceptor
ExecuteTestSuiteInterceptor,Error
ExecuteTestSuiteInterceptor,Result
ExecuteTestSuiteInterceptor,LogRecorder
ExecuteTestSuiteInterceptor,StopWatch
ExecuteTestSuiteInterceptor,SystemInformation
HighlightInterceptor,ICommand
HighlightInterceptor,Context
HighlightInterceptor,Highlight
HighlightInterceptor,ICommand
HighlightInterceptor,HighlightHandler
HighlightInterceptor,HighlightStyle
HighlightInterceptor,AbstractDoCommandInterceptor
HighlightInterceptor,Locator
HighlightInterceptor,Result
MaxTimeInterruptInterceptor,ICommand
MaxTimeInterruptInterceptor,Context
MaxTimeInterruptInterceptor,MaxTimeTimer
MaxTimeInterruptInterceptor,ICommand
MaxTimeInterruptInterceptor,AbstractDoCommandInterceptor
MaxTimeInterruptInterceptor,MaxTimeExceeded
MaxTimeInterruptInterceptor,Result
ScreenshotInterceptor,ICommand
ScreenshotInterceptor,Context
ScreenshotInterceptor,ScreenshotHandler
ScreenshotInterceptor,TestCase
ScreenshotInterceptor,ICommand
ScreenshotInterceptor,Screenshot
ScreenshotInterceptor,AbstractDoCommandInterceptor
ScreenshotInterceptor,Result
ScreenshotInterceptor,Success
JSFunction,Builder
JSFunction,Builder
JSLibrary,ModifierKeyState
JSLibrary,SeleneseRunnerRuntimeException
JSLibrary,AltKeyDown
JSLibrary,ControlKeyDown
JSLibrary,KeyDown
JSLibrary,MetaKeyDown
JSLibrary,ShiftKeyDown
JSLibrary,Type
JSLibrary,JSFunction
AdditionalHandler,Type
AdditionalHandler,LocatorHandler
Locator,SeleneseRunnerRuntimeException
Locator,OptionLocator
LocatorHandler,Type
OptionLocator,Locator
OptionLocatorHandler,Type
OptionLocatorHandler,LocatorHandler
UnsupportedLocatorHandler,Type
UnsupportedLocatorHandler,LocatorHandler
ElementFinderNoSuchElementException,SeleneseRunnerRuntimeException
ElementFinderNoSuchElementException,Type
ElementFinderNoSuchElementException,AdditionalHandler
ElementFinderNoSuchElementException,ClassHandler
ElementFinderNoSuchElementException,CSSHandler
ElementFinderNoSuchElementException,DomHandler
ElementFinderNoSuchElementException,IdentifierHandler
ElementFinderNoSuchElementException,IdHandler
ElementFinderNoSuchElementException,LinkHandler
ElementFinderNoSuchElementException,LinkTextHandler
ElementFinderNoSuchElementException,Locator
ElementFinderNoSuchElementException,LocatorHandler
ElementFinderNoSuchElementException,NameHandler
ElementFinderNoSuchElementException,OptionIdHandler
ElementFinderNoSuchElementException,OptionIndexHandler
ElementFinderNoSuchElementException,OptionLabelHandler
ElementFinderNoSuchElementException,OptionLocator
ElementFinderNoSuchElementException,OptionLocatorHandler
ElementFinderNoSuchElementException,OptionValueHandler
ElementFinderNoSuchElementException,WebDriverElementFinder
ElementFinderNoSuchElementException,XPathHandler
ElementFinderNoSuchElementException,LangUtils
ElementFinderNoSuchElementException,SeleniumUtils
ElementFinderNoSuchElementException,Wait
ElementFinderNoSuchElementException,Content
CookieFilter,Type
CookieFilter,Filter
CookieMap,CookieFilter
CookieMap,CookieKey
CookieMap,CookieValue
CookieMap,Filter
CookieValue,CookieKey
CookieValue,DateTimeUtils
PageInformation,Context
PageInformation,TestCase
PageInformation,CookieMap
PageInformation,Builder
PageInformation,Builder
PageInformation,Filter
FunctionDeclaration,Context
FunctionDeclaration,MutatorUtils
FunctionDeclaration,ScriptMutator
FunctionDeclaration,Builder
FunctionDeclaration,Builder
MutatorUtils,Builder
MutatorUtils,Builder
ScriptMutator,Context
ScriptMutator,Builder
ScriptMutator,Builder
SeleneseRunnerMutator,Context
SeleneseRunnerMutator,FunctionDeclaration
SeleneseRunnerMutator,ScriptMutator
SeleneseRunnerMutator,VariableDeclaration
SeleneseRunnerMutator,VariableDeclarationWithDynamicValue
SeleneseRunnerMutator,Builder
SeleneseRunnerMutator,Builder
VariableDeclaration,Context
VariableDeclaration,MutatorUtils
VariableDeclaration,ScriptMutator
VariableDeclaration,Builder
VariableDeclaration,Builder
VariableDeclarationWithDynamicValue,Context
VariableDeclarationWithDynamicValue,MutatorUtils
VariableDeclarationWithDynamicValue,ScriptMutator
VariableDeclarationWithDynamicValue,EscapeUtils
VariableDeclarationWithDynamicValue,Builder
VariableDeclarationWithDynamicValue,Builder
AbstractTestElementIterator,Id
AbstractTestElementIterator,TestElementEntry
AbstractTestElementIterator,TestElementIterator
CommandEntry,SideCommand
CommandEntry,TestCase
CommandEntry,CommandFactory
CommandEntry,ICommandFactory
CommandEntry,SeleneseCommandEntry
CommandEntry,SideCommandEntry
CommandEntry,TestElementEntry
SeleneseCommandEntry,TestCase
SeleneseCommandEntry,CommandFactory
SeleneseCommandEntry,ICommandFactory
SeleneseCommandEntry,CommandEntry
SideCommandEntry,ICommand
SideCommandEntry,Id
SideCommandEntry,SideCommand
SideCommandEntry,TestCase
SideCommandEntry,CommandFactory
SideCommandEntry,Comment
SideCommandEntry,ICommand
SideCommandEntry,ICommandFactory
SideCommandEntry,CommandEntry
CommandIterator,CommandEntry
NodeIterator,Node
SeleneseCommandIterator,Node
SeleneseCommandIterator,Id
SeleneseCommandIterator,InvalidSeleneseException
SeleneseCommandIterator,Type
SeleneseCommandIterator,CommandEntry
SeleneseCommandIterator,CommandIterator
SeleneseCommandIterator,NodeIterator
SeleneseCommandIterator,ParserUtils
SeleneseCommandIterator,Builder
SeleneseCommandIterator,Builder
SeleneseCommandIterator,Content
SeleneseIteratorFactory,Node
SeleneseIteratorFactory,InvalidSeleneseException
SeleneseIteratorFactory,Parser
SeleneseIteratorFactory,CommandIterator
SeleneseIteratorFactory,ParserUtils
SeleneseIteratorFactory,SeleneseCommandIterator
SeleneseIteratorFactory,SeleneseTestCaseIterator
SeleneseIteratorFactory,TestCaseIterator
SeleneseTestCaseIterator,Id
SeleneseTestCaseIterator,InvalidSeleneseException
SeleneseTestCaseIterator,CommandIterator
SeleneseTestCaseIterator,ParserUtils
SeleneseTestCaseIterator,SeleneseIteratorFactory
SeleneseTestCaseIterator,TestCaseEntry
SeleneseTestCaseIterator,TestCaseIterator
SeleneseTestCaseIterator,PathUtils
SeleneseTestProjectReader,Id
SeleneseTestProjectReader,InvalidSeleneseException
SeleneseTestProjectReader,TestCaseMap
SeleneseTestProjectReader,SeleneseIteratorFactory
SeleneseTestProjectReader,SeleneseTestSuiteIterator
SeleneseTestProjectReader,TestProjectReader
SeleneseTestProjectReader,TestSuiteIterator
SeleneseTestSuiteIterator,TestCaseIterator
SeleneseTestSuiteIterator,TestSuiteEntry
SeleneseTestSuiteIterator,TestSuiteIterator
SingleTestCaseIterator,Id
SingleTestCaseIterator,InvalidSeleneseException
SingleTestCaseIterator,CommandIterator
SingleTestCaseIterator,ParserUtils
SingleTestCaseIterator,SeleneseTestCaseIterator
SingleTestCaseIterator,SeleneseTestSuiteIterator
SingleTestCaseIterator,TestCaseEntry
SingleTestCaseIterator,TestCaseIterator
SingleTestCaseIterator,TestSuiteEntry
SingleTestCaseIterator,TestSuiteIterator
SideCommandIterator,Id
SideCommandIterator,SideCommand
SideCommandIterator,SideProject
SideCommandIterator,SideTest
SideCommandIterator,CommandEntry
SideCommandIterator,CommandIterator
SideTestCaseIterator,Id
SideTestCaseIterator,SideProject
SideTestCaseIterator,SideSuite
SideTestCaseIterator,SideTest
SideTestCaseIterator,CommandIterator
SideTestCaseIterator,SideCommandIterator
SideTestCaseIterator,TestCaseEntry
SideTestCaseIterator,TestCaseIterator
SideTestProjectReader,Id
SideTestProjectReader,SideFile
SideTestProjectReader,SideProject
SideTestProjectReader,InvalidSeleneseException
SideTestProjectReader,Parser
SideTestProjectReader,TestCaseMap
SideTestProjectReader,TestCaseParser
SideTestProjectReader,CommandFactory
SideTestProjectReader,ICommandFactory
SideTestProjectReader,Type
SideTestProjectReader,CommandIterator
SideTestProjectReader,SideCommandIterator
SideTestProjectReader,SideTestSuiteIterator
SideTestProjectReader,TestProjectReader
SideTestProjectReader,TestSuiteIterator
SideTestSuiteIterator,Id
SideTestSuiteIterator,SideProject
SideTestSuiteIterator,SideSuite
SideTestSuiteIterator,SideTestCaseIterator
SideTestSuiteIterator,TestCaseIterator
SideTestSuiteIterator,TestSuiteEntry
SideTestSuiteIterator,TestSuiteIterator
TestCaseEntry,TestElementEntry
TestCaseIterator,CommandIterator
TestCaseIterator,TestCaseEntry
TestElementIterator,Id
TestElementIterator,TestElementEntry
TestElementIteratorFactory,TestElementEntry
TestElementIteratorFactory,TestElementIterator
TestProjectReader,Id
TestProjectReader,TestCase
TestProjectReader,TestCaseMap
TestProjectReader,CommandFactory
TestProjectReader,ICommandFactory
TestProjectReader,Type
TestProjectReader,TestSuiteIterator
TestSuiteEntry,TestElementEntry
TestSuiteIterator,TestCaseIterator
TestSuiteIterator,TestSuiteEntry
CommandResult,ICommand
CommandResult,ICommand
CommandResult,Screenshot
CommandResult,Result
CommandResultList,ICommand
CommandResultList,ICommand
CommandResultList,CommandResult
CommandResultList,CommandResultMap
CommandResultList,Result
CommandResultMap,ICommand
CommandResultMap,ICommand
CommandResultMap,CommandResult
CommandResultMap,CommandResultList
CommandResultMap,Result
Error,Result
Failure,Result
MaxTimeExceeded,Result
Result,Selenese
Result,Type
Result,Success
Result,Builder
Result,Builder
Success,Result
Unexecuted,Result
Warning,Result
AbstractSubCommand,Type
AbstractSubCommand,LangUtils
GetAlert,Context
GetAlert,JSLibrary
GetAllButtons,Context
GetAllFields,Context
GetAllLinks,Context
GetAllWindowNames,Context
GetAllWindowTitles,Context
GetAttribute,Context
GetAttribute,Type
GetAttribute,Locator
GetAttributeFromAllWindows,Context
GetAttributeFromAllWindows,Type
GetBodyText,Context
GetBodyText,JSLibrary
GetConfirmation,Context
GetConfirmation,JSLibrary
GetCookie,Context
GetCookieByName,Context
GetCookieByName,Type
GetCssCount,Context
GetCssCount,Locator
GetCursorPosition,Context
GetCursorPosition,Type
GetCursorPosition,JSLibrary
GetElementHeight,Context
GetElementHeight,Type
GetElementIndex,Context
GetElementIndex,Type
GetElementIndex,JSLibrary
GetElementPositionLeft,Context
GetElementPositionLeft,Type
GetElementPositionTop,Context
GetElementPositionTop,Type
GetElementWidth,Context
GetElementWidth,Type
GetEval,Context
GetEval,Eval
GetExpression,Context
GetExpression,Type
GetHtmlSource,Context
GetLocation,Context
GetNativeAlert,AlertActionListener
GetNativeAlert,Context
GetPrompt,Context
GetPrompt,JSLibrary
GetSelected,Context
GetSelected,Type
GetSelected,LangUtils
GetSelectOptions,Context
GetSelectOptions,Type
GetSpeed,Context
GetTable,Context
GetTable,SeleneseRunnerRuntimeException
GetTable,Type
GetTable,JSLibrary
GetTable,Locator
GetText,Context
GetText,Type
GetText,JSLibrary
GetTitle,Context
GetValue,Context
GetValue,Type
GetWindowHandle,Context
GetXpathCount,Context
GetXpathCount,Type
GetXpathCount,ElementFinderNoSuchElementException
IsAlertPresent,Context
IsAlertPresent,JSLibrary
IsChecked,Context
IsChecked,Type
IsConfirmationPresent,Context
IsConfirmationPresent,JSLibrary
IsCookiePresent,Context
IsCookiePresent,Type
IsEditable,Context
IsElementPresent,Context
IsElementPresent,Type
IsNativeAlertPresent,Context
IsOrdered,Context
IsOrdered,Type
IsOrdered,JSLibrary
IsOrdered,WebDriverElementFinder
IsPromptPresent,Context
IsPromptPresent,JSLibrary
IsSomethingSelected,Context
IsTextPresent,Context
IsTextPresent,Type
IsTextPresent,PathUtils
IsTextPresent,XPathUtils
IsTextPresent,Builder
IsTextPresent,Builder
ISubCommand,ArgumentInfo
ISubCommand,Context
IsVisible,Context
IsVisible,Type
MouseEventHandler,Context
MouseEventHandler,Type
MouseEventHandler,MouseUtils
MouseEventHandler,Builder
MouseEventHandler,Builder
NoOp,Context
NoOp,Type
SubCommandMap,Eval
SubCommandMap,Type
SubCommandMap,GetAlert
SubCommandMap,GetAllButtons
SubCommandMap,GetAllFields
SubCommandMap,GetAllLinks
SubCommandMap,GetAllWindowNames
SubCommandMap,GetAllWindowTitles
SubCommandMap,GetAttribute
SubCommandMap,GetAttributeFromAllWindows
SubCommandMap,GetBodyText
SubCommandMap,GetConfirmation
SubCommandMap,GetCookie
SubCommandMap,GetCookieByName
SubCommandMap,GetCssCount
SubCommandMap,GetCursorPosition
SubCommandMap,GetElementHeight
SubCommandMap,GetElementIndex
SubCommandMap,GetElementPositionLeft
SubCommandMap,GetElementPositionTop
SubCommandMap,GetElementWidth
SubCommandMap,GetEval
SubCommandMap,GetExpression
SubCommandMap,GetHtmlSource
SubCommandMap,GetLocation
SubCommandMap,GetNativeAlert
SubCommandMap,GetPrompt
SubCommandMap,GetSelected
SubCommandMap,GetSelectOptions
SubCommandMap,GetSpeed
SubCommandMap,GetTable
SubCommandMap,GetText
SubCommandMap,GetTitle
SubCommandMap,GetValue
SubCommandMap,GetWindowHandle
SubCommandMap,GetXpathCount
SubCommandMap,IsAlertPresent
SubCommandMap,IsChecked
SubCommandMap,IsConfirmationPresent
SubCommandMap,IsCookiePresent
SubCommandMap,IsEditable
SubCommandMap,IsElementPresent
SubCommandMap,IsNativeAlertPresent
SubCommandMap,IsOrdered
SubCommandMap,IsPromptPresent
SubCommandMap,IsSomethingSelected
SubCommandMap,IsTextPresent
SubCommandMap,IsVisible
SubCommandMap,MouseEventHandler
SubCommandMap,NoOp
CommandDumper,ICommand
CommandDumper,CommandsJs
CommandDumper,SeleneseRunnerRuntimeException
CommandDumper,CommandFactory
CommandDumper,ICommand
CommandDumper,SubCommandMap
CommandLineUtils,Builder
CommandLineUtils,Builder
DateTimeUtils,Id
FDate,Converter
FDate,DateTimeUtils
LangUtils,Type
LoggerUtils,Builder
LoggerUtils,Builder
LogMessage,DateTimeUtils
LogMessage,LogRecorder
MouseUtils,Context
MouseUtils,WebDriverManager
PathUtils,Builder
PathUtils,Builder
SeleniumPattern,Type
SeleniumPattern,EscapeUtils
SeleniumPattern,LangUtils
SeleniumPattern,Builder
SeleniumPattern,Builder
StopWatch,DateTimeUtils
StopWatch,Builder
StopWatch,Builder
SystemInformation,Property
SystemInformation,Label
StopCondition,SeleneseRunnerRuntimeException
StopCondition,Wait
WindowSelector,Context
WindowSelector,KeyValue
WindowSelector,WebDriverManager
XPathUtils,PathUtils
XPathUtils,Builder
XPathUtils,Builder
AppiumWebDriverFactory,WebDriverFactory
AppiumDriver,Id
AppiumDriver,Type
AppiumDriver,DriverOptions
ChromeDriverFactory,DriverOptions
ChromeDriverFactory,WebDriverFactory
ChromeDriverFactory,Builder
ChromeDriverFactory,Builder
DriverOptions,Type
DriverOptions,IConfig
DriverOptions,LangUtils
DriverOptions,Builder
DriverOptions,Builder
EdgeDriverFactory,DriverOptions
EdgeDriverFactory,WebDriverFactory
EdgeDriverFactory,Builder
EdgeDriverFactory,Builder
FirefoxDriverFactory,Property
FirefoxDriverFactory,Type
FirefoxDriverFactory,DriverOptions
FirefoxDriverFactory,WebDriverFactory
FirefoxDriverFactory,Builder
FirefoxDriverFactory,Builder
HtmlUnitDriverFactory,DriverOptions
HtmlUnitDriverFactory,WebDriverFactory
IEDriverFactory,DriverOptions
IEDriverFactory,WebDriverFactory
IEDriverFactory,Builder
IEDriverFactory,Builder
NullDriver,Locator
RemoteWebDriverFactory,Id
RemoteWebDriverFactory,Type
RemoteWebDriverFactory,ChromeDriverFactory
RemoteWebDriverFactory,DriverOptions
RemoteWebDriverFactory,FirefoxDriverFactory
RemoteWebDriverFactory,WebDriverFactory
SafariDriverFactory,DriverOptions
SafariDriverFactory,WebDriverFactory
SafariDriverFactory,Builder
SafariDriverFactory,Builder
WebDriverFactory,Type
WebDriverFactory,PathUtils
WebDriverFactory,DriverOptions
WebDriverFactory,Builder
WebDriverFactory,Builder
WebDriverManager,AppiumWebDriverFactory
WebDriverManager,ChromeDriverFactory
WebDriverManager,EdgeDriverFactory
WebDriverManager,FirefoxDriverFactory
WebDriverManager,HtmlUnitDriverFactory
WebDriverManager,IEDriverFactory
WebDriverManager,RemoteWebDriverFactory
WebDriverManager,SafariDriverFactory
WebDriverManager,WebDriverFactory
WebDriverManager,WebDriverPreparator
Builder,Property
Builder,LangUtils
Builder,AppiumWebDriverFactory
Builder,ChromeDriverFactory
Builder,DriverOptions
Builder,EdgeDriverFactory
Builder,FirefoxDriverFactory
Builder,HtmlUnitDriverFactory
Builder,IEDriverFactory
Builder,RemoteWebDriverFactory
Builder,SafariDriverFactory
Builder,WebDriverFactory
Builder,WebDriverManager
HtmlResultTest,HtmlResult
HtmlResultTest,Runner
HtmlResultTest,Selenese
HtmlResultTest,TestCase
HtmlResultTest,TestSuite
HtmlResultTest,CommandFactory
HtmlResultTest,Type
HtmlResultTest,Binder
HtmlResultTest,Result
HtmlResultTest,WebDriverFactory
HtmlResultTest,WebDriverManager
HtmlResultTest,TestBase
RegexMatcher,Node
RegexMatcher,Error
RegexMatcher,FailsafeSummary
RegexMatcher,Failure
RegexMatcher,ITestCase
RegexMatcher,ITestSuite
RegexMatcher,JUnitResult
RegexMatcher,Property
RegexMatcher,ITreedFileGenerator
RegexMatcher,TestCase
RegexMatcher,TestSuite
RegexMatcher,Error
RegexMatcher,Failure
RegexMatcher,Result
RegexMatcher,Success
RegexMatcher,DateTimeUtils
RegexMatcher,LogRecorder
RegexMatcher,StopWatch
RegexMatcher,Content
JSWrapperTest,JSList
RollupTest,IRollupRule
RollupTest,RollupRule
RollupTest,RollupRules
RollupTest,Runner
RollupTest,CommandList
RollupTest,Rollup
RollupTest,DriverOptions
RollupTest,WebDriverFactory
RollupTest,WebDriverManager
RollupTest,TestBase
CommandsJsTest,CommandsJs
DriverDependentTest,Error
DriverDependentTest,Failure
DriverDependentTest,RollupRules
DriverDependentTest,Selenese
DriverDependentTest,ContextMenu
DriverDependentTest,Highlight
DriverDependentTest,Screenshot
DriverDependentTest,SetWindowSize
DriverDependentTest,Type
DriverDependentTest,CookieFilter
DriverDependentTest,Error
DriverDependentTest,Failure
DriverDependentTest,Result
DriverDependentTest,Success
DriverDependentTest,Warning
DriverDependentTest,DriverDependentTestCaseTestBase
DriverDependentTest,TestBase
DriverDependentTest,TestCaseTestBase
DriverDependentTest,Filter
DriverDependentTest,TestUtils
DriverIndependentTest,Error
DriverIndependentTest,Failure
DriverIndependentTest,Runner
DriverIndependentTest,Selenese
DriverIndependentTest,TestCase
DriverIndependentTest,VarsMap
DriverIndependentTest,CommandFactory
DriverIndependentTest,ForEach
DriverIndependentTest,Run
DriverIndependentTest,Type
DriverIndependentTest,Binder
DriverIndependentTest,Error
DriverIndependentTest,Failure
DriverIndependentTest,Result
DriverIndependentTest,Success
DriverIndependentTest,StopWatch
DriverIndependentTest,DriverOptions
DriverIndependentTest,WebDriverFactory
DriverIndependentTest,WebDriverManager
DriverIndependentTest,TestBase
DriverIndependentTest,TestCaseTestBase
DumpEnvTest,EscapeUtils
IncludeCommandTest,Runner
IncludeCommandTest,TestSuite
IncludeCommandTest,DriverOptions
IncludeCommandTest,WebDriverFactory
IncludeCommandTest,WebDriverManager
IncludeCommandTest,TestBase
IncludeCommandTest,TestUtils
MainTest,Main
MainTest,Runner
MainTest,VarsMap
MainTest,Assert
MainTest,DefaultConfig
MainTest,IConfig
MainTest,DriverOptions
MainTest,Main
MainTest,Filter
MaxTimeTest,MaxTimeTimer
MaxTimeTest,TestCase
MaxTimeTest,CommandResult
MaxTimeTest,CommandResultList
MaxTimeTest,MaxTimeExceeded
MaxTimeTest,Result
MaxTimeTest,StopWatch
MaxTimeTest,Wait
MaxTimeTest,DriverOptions
MaxTimeTest,WebDriverFactory
MaxTimeTest,WebDriverManager
MaxTimeTest,TestBase
MaxTimeTest,TestCaseTestBase
ParserTest,Parser
ParserTest,Runner
ParserTest,Selenese
ParserTest,TestCase
ParserTest,TestSuite
ParserTest,CommandFactory
ParserTest,DriverOptions
ParserTest,WebDriverFactory
ParserTest,WebDriverManager
ParserTest,TestBase
RunnerTest,Error
RunnerTest,Context
RunnerTest,Runner
RunnerTest,TestCase
RunnerTest,AbstractCommand
RunnerTest,Type
RunnerTest,DefaultConfig
RunnerTest,IConfig
RunnerTest,Binder
RunnerTest,Error
RunnerTest,Result
RunnerTest,DriverOptions
RunnerTest,WebDriverFactory
RunnerTest,WebDriverManager
RunnerTest,TestBase
TestSuiteTest,Runner
TestSuiteTest,TestSuite
TestSuiteTest,DriverOptions
TestSuiteTest,WebDriverFactory
TestSuiteTest,WebDriverManager
TestSuiteTest,TestBase
TestSuiteTest,TestUtils
VariableTest,Runner
VariableTest,VarsMap
VariableTest,DriverOptions
VariableTest,WebDriverFactory
VariableTest,WebDriverManager
VariableTest,TestBase
VarsMapTest,VarsMap
AssertionStringMatchTest,Failure
AssertionStringMatchTest,Runner
AssertionStringMatchTest,TestCase
AssertionStringMatchTest,CommandFactory
AssertionStringMatchTest,Type
AssertionStringMatchTest,Binder
AssertionStringMatchTest,Failure
AssertionStringMatchTest,Result
AssertionStringMatchTest,Success
AssertionStringMatchTest,DriverOptions
AssertionStringMatchTest,WebDriverFactory
AssertionStringMatchTest,WebDriverManager
AssertionStringMatchTest,TestBase
AssertionTest,Runner
AssertionTest,TestCase
AssertionTest,CommandFactory
AssertionTest,Type
AssertionTest,Binder
AssertionTest,Result
AssertionTest,DriverOptions
AssertionTest,WebDriverFactory
AssertionTest,WebDriverManager
AssertionTest,TestBase
BuiltInCommandTest,Runner
BuiltInCommandTest,TestCase
BuiltInCommandTest,CommandFactory
BuiltInCommandTest,Type
BuiltInCommandTest,Binder
BuiltInCommandTest,Result
BuiltInCommandTest,DriverOptions
BuiltInCommandTest,WebDriverFactory
BuiltInCommandTest,WebDriverManager
BuiltInCommandTest,TestBase
CommandFactoryTest,ICommand
CommandFactoryTest,Runner
CommandFactoryTest,CommandFactory
CommandFactoryTest,Echo
CommandFactoryTest,ICommand
CommandFactoryTest,Screenshot
CommandFactoryTest,DriverOptions
CommandFactoryTest,WebDriverFactory
CommandFactoryTest,WebDriverManager
CommandFactoryTest,TestBase
DummyCommand,Context
DummyCommand,AbstractCommand
DummyCommand,BlockStart
DummyCommand,Result
DummyBlockStart,ICommand
DummyBlockStart,BlockEnd
DummyBlockStart,BlockStart
DummyBlockStart,CommandSequence
DummyBlockStart,End
DummyBlockStart,ICommand
DummyBlockStart,DummyCommand
DummyCommandFactory,ICommand
DummyCommandFactory,CommandFactory
DummyCommandFactory,ICommand
DummyCommandFactory,ICommandFactory
OpenTest,Runner
OpenTest,TestCase
OpenTest,CommandFactory
OpenTest,Open
OpenTest,Type
OpenTest,Binder
OpenTest,DriverOptions
OpenTest,WebDriverFactory
OpenTest,WebDriverManager
OpenTest,TestBase
UserDefinedCommandFactoryTest,CommandFactoryTest
UserDefinedCommandFactoryTest,TestBase
TestCommandNew,ICommand
TestCommandNew,Context
TestCommandNew,Runner
TestCommandNew,TestCase
TestCommandNew,AbstractCommand
TestCommandNew,CommandFactory
TestCommandNew,CommandList
TestCommandNew,Echo
TestCommandNew,ICommand
TestCommandNew,ICommandFactory
TestCommandNew,Type
TestCommandNew,Binder
TestCommandNew,Result
DefaultConfigTest,Highlight
DefaultConfigTest,Rollup
DefaultConfigTest,DefaultConfig
DefaultConfigTest,IConfig
DefaultConfigTest,Filter
NewDefaultConfigTest,HtmlResult
NewDefaultConfigTest,Property
NewDefaultConfigTest,CommandFactory
NewDefaultConfigTest,Highlight
NewDefaultConfigTest,Rollup
NewDefaultConfigTest,SetSpeed
NewDefaultConfigTest,Type
NewDefaultConfigTest,DefaultConfig
NewDefaultConfigTest,IConfig
NewDefaultConfigTest,CookieFilter
NewDefaultConfigTest,Result
NewDefaultConfigTest,DefaultConfigTest
NewDefaultConfigTest,Filter
BinderTest,ITestCase
BinderTest,ICommand
BinderTest,Context
BinderTest,Runner
BinderTest,Selenese
BinderTest,TestCase
BinderTest,TestSuite
BinderTest,CommandFactory
BinderTest,ICommand
BinderTest,Type
BinderTest,AbstractDoCommandInterceptor
BinderTest,AbstractExecuteTestCaseInterceptor
BinderTest,AbstractExecuteTestSuiteInterceptor
BinderTest,Binder
BinderTest,BindModule
BinderTest,ExecuteTestCaseInterceptor
BinderTest,ExecuteTestSuiteInterceptor
BinderTest,Result
BinderTest,DriverOptions
BinderTest,WebDriverFactory
BinderTest,WebDriverManager
BinderTest,TestBase
CSSHandlerTest,CSSHandler
CSSHandlerTest,DummyDriver
LinkHandlerTest,Failure
LinkHandlerTest,Runner
LinkHandlerTest,TestCase
LinkHandlerTest,CommandFactory
LinkHandlerTest,Type
LinkHandlerTest,Binder
LinkHandlerTest,Failure
LinkHandlerTest,Result
LinkHandlerTest,Success
LinkHandlerTest,DriverOptions
LinkHandlerTest,WebDriverFactory
LinkHandlerTest,Builder
LinkHandlerTest,Builder
LinkHandlerTest,TestBase
LinkHandlerTest,TestUtils
SideReaderTest,SideFile
SideReaderTest,SideProject
SideReaderTest,SideSuite
SideReaderTest,SideTest
SideReaderTest,InvalidSeleneseException
CommandLineUtilsTest,Builder
CommandLineUtilsTest,Builder
EscapeUtilsTest,EscapeUtils
LangUtilsTest,LangUtils
PathUtilsTest,Property
PathUtilsTest,PathUtils
WindowSelectorTest,SelectWindow
WindowSelectorTest,Success
WindowSelectorTest,DriverDependentTestCaseTestBase
WindowSelectorTest,TestBase
WindowSelectorTest,TestCaseTestBase
DriverDependentTestCaseTestBase,DriverOptions
DriverDependentTestCaseTestBase,WebDriverFactory
DriverDependentTestCaseTestBase,TestBase
DriverDependentTestCaseTestBase,TestCaseTestBase
DriverDependentTestCaseTestBase,Filter
DriverDependentTestCaseTestBase,TestUtils
Builder,Context
Builder,ProxyServer
Builder,HttpFiltersRegistrar
Builder,ProxyContext
Builder,ParentProxyHandler
Builder,ProxyActivityTracker
Builder,ProxyBasicAuhthenticator
ArgsGetter,Builder
ArgsGetter,ProxyServer
ArgsGetter,Builder
TestBase,Lines
TestBase,DriverOptions
TestBase,FirefoxDriverFactory
TestBase,WebDriverFactory
TestBase,WebDriverManager
TestBase,WebServerResouce
TestCaseTestBase,Runner
TestCaseTestBase,Selenese
TestCaseTestBase,TestSuite
TestCaseTestBase,Result
TestCaseTestBase,Unexecuted
TestCaseTestBase,TestBase
TestCaseTestBase,TestUtils
Filter,Result
Filter,EscapeUtils
TestUtils,Property
ThrowableRunnable,Property
ThrowableRunnable,LangUtils
ThrowableRunnable,TestUtils
WebProxyResource,ProxyServer
WebResourcesTest,Type
WebResourcesTest,WebProxyResource
WebResourcesTest,Content
WebResourcesTest,WebServerResouce
WebServer,Type
WebServer,Content
SimpleTemplateHandler,Error
SimpleTemplateHandler,Context
SimpleTemplateHandler,Type
SimpleTemplateHandler,Error
SimpleTemplateHandler,EscapeUtils
SimpleTemplateHandler,Builder
SimpleTemplateHandler,Builder
SimpleTemplateHandler,WebServer
SimpleTemplateHandler,HttpErrorException
SimpleTemplateHandler,Content
WebServerResouce,WebServer
TriConsumer,Context
TriConsumer,ProxyContext
ProxyContext,Context
ParentProxyHandler,Context
ParentProxyHandler,ProxyContext
ProxyActivityTracker,Context
ProxyActivityTracker,Type
DriverOptionsTest,DriverOptions
DriverOptionsTest,WebDriverFactory
DriverOptionsTest,WebDriverManager
DriverOptionsTest,WebServer
FirefoxDriverFactoryTest,Property
FirefoxDriverFactoryTest,DriverOptions
FirefoxDriverFactoryTest,FirefoxDriverFactory
WebDriverProxyTest,DriverOptions
WebDriverProxyTest,WebDriverFactory
WebDriverProxyTest,TestBase
WebDriverProxyTest,TestUtils
WebDriverProxyTest,WebProxyResource
ProxyToServerConnection,Failure
ProxyToServerConnection,Failure
ProxyToServerConnection,Result
ProxyToServerConnection,ProxyServer
ProxyToServerConnection,Content
HeadAwareHttpResponseDecoder,Context
HeadAwareHttpResponseDecoder,Success
HeadAwareHttpResponseDecoder,ProxyServer
HeadAwareHttpResponseDecoder,Content
HeadAwareHttpResponseDecoder,ProxyToServerConnection
