AboutActivity,AboutLibsActivity
AboutActivity,ActivityHelper
AboutActivity,OnClickListener
AboutActivity,ChangelogActivity
AboutActivity,ContributorActivity
AboutActivity,Rclone
AboutActivity,RuntimeConfiguration
AboutActivity,OnClickListener
AboutActivity,OnClickListener
AboutActivity,OnClickListener
AboutActivity,OnClickListener
AboutActivity,OnClickListener
AboutActivity,OnClickListener
AboutLibsActivity,ActivityHelper
AboutLibsActivity,OnClickListener
AboutLibsActivity,OnClickListener
AboutLibsActivity,OnClickListener
AboutLibsActivity,OnClickListener
AboutLibsActivity,AboutLibrariesAdapter
AboutLibsActivity,OnClickListener
AboutLibsActivity,OnClickListener
AboutLibsActivity,OnClickListener
ActivityHelper,CustomColorHelper
ActivityHelper,Action
ActivityHelper,FLog
AppShortcutsHelper,MainActivity
AppShortcutsHelper,RemoteItem
BreadcrumbView,OnClickListener
BreadcrumbView,OnClickListener
BreadcrumbView,OnClickListener
BreadcrumbView,OnClickListener
BreadcrumbView,OnClickListener
BreadcrumbView,OnClickListener
BreadcrumbView,OnClickListener
OnClickListener,BreadcrumbView
ChangelogActivity,ActivityHelper
ChangelogActivity,MarkdownView
ContributorActivity,ActivityHelper
ContributorActivity,MarkdownView
SortAlphaDescending,FileItem
SortAlphaAscending,FileItem
SortSizeDescending,FileItem
SortSizeAscending,FileItem
SortModTimeDescending,FileItem
SortModTimeAscending,FileItem
FilePicker,ActivityHelper
FilePicker,OnClickListener
FilePicker,FileComparators
FilePicker,SortFileAlphaDescending
FilePicker,SortFileAlphaAscending
FilePicker,SortFileSizeDescending
FilePicker,SortFileSizeAscending
FilePicker,SortFileModTimeDescending
FilePicker,SortFileModTimeAscending
FilePicker,OnClickListener
FilePicker,InputDialog
FilePicker,OnPositive
FilePicker,OnClickListener
FilePicker,SortDialog
FilePicker,OnClickListener
FilePicker,OnClickListener
FilePicker,OnClickListener
FilePicker,FilePickerAdapter
FilePicker,OnClickListener
FilePicker,FLog
InteractiveRunner,Step
InteractiveRunner,ErrorHandler
InteractiveRunner,StepRunner
Step,TriggerType
Step,StreamType
Step,Action
Step,StringAction
TriggerType,Action
StreamType,Action
StreamType,StringAction
Action,ErrorHandler
StringAction,Step
StringAction,StreamType
StringAction,Action
StringAction,ErrorHandler
StringAction,StepRunner
StringAction,FLog
Log2File,WriteToFile
WriteToFile,FLog
MainActivity,AboutActivity
MainActivity,ActivityHelper
MainActivity,AppShortcutsHelper
MainActivity,OnClickListener
MainActivity,CopyConfigFile
MainActivity,RefreshLocalAliases
MainActivity,DecryptConfig
MainActivity,OnboardingActivity
MainActivity,Rclone
MainActivity,RuntimeConfiguration
MainActivity,OnClickListener
MainActivity,InputDialog
MainActivity,OnPositive
MainActivity,OnClickListener
MainActivity,OnClickListener
MainActivity,FileExplorerFragment
MainActivity,RemotesFragment
MainActivity,OnRemoteClickListener
MainActivity,AddRemoteToNavDrawer
MainActivity,OnRemoteClickListener
MainActivity,RemoteItem
MainActivity,PackageUpdate
MainActivity,OnClickListener
MainActivity,OnClickListener
MainActivity,OnClickListener
MainActivity,StreamingService
MainActivity,SettingsActivity
MainActivity,FLog
MainActivity,CrashLogger
MainActivity,CrashLogger
CopyConfigFile,AppShortcutsHelper
CopyConfigFile,Dialogs
CopyConfigFile,LoadingDialog
CopyConfigFile,RemotesFragment
CopyConfigFile,RemoteConfigHelper
RefreshLocalAliases,AppShortcutsHelper
RefreshLocalAliases,Dialogs
RefreshLocalAliases,LoadingDialog
RefreshLocalAliases,RemotesFragment
RefreshLocalAliases,FLog
DecryptConfig,AppShortcutsHelper
DecryptConfig,Dialogs
DecryptConfig,LoadingDialog
DecryptConfig,RemotesFragment
OnboardingActivity,RuntimeConfiguration
OnboardingActivity,FLog
Rclone,Log2File
Rclone,AboutResult
Rclone,FileItem
Rclone,RemoteItem
Rclone,FLog
Rclone,SafAccessProvider
Rclone,SafDAVServer
Rclone,SafConstants
AboutResult,Rclone
AboutResult,RemoteItem
AboutResult,FLog
RcloneRcd,ProcessState
RcloneRcd,PendingRcloneJobs
RcloneRcd,JobsUpdateHandler
RcloneRcd,RcOpParam
RcloneRcd,RcOpResponse
RcloneRcd,JobStatusHandler
RcloneRcd,RcdOpException
RcloneRcd,RcdIOException
RcloneRcd,ErrorResponse
RcloneRcd,JobStatusResponse
RcloneRcd,FLog
ProcessState,RunJobStatusHandler
ProcessState,JobStatusHandler
ProcessState,JobStatusResponse
RunJobStatusHandler,PendingRcloneJobs
RunJobStatusHandler,JobStatusHandler
RunJobStatusHandler,RcdOpException
RunJobStatusHandler,JobStatusResponse
RunJobStatusHandler,FLog
PendingRcloneJobs,JobsUpdateHandler
PendingRcloneJobs,NoParamRcOpParam
PendingRcloneJobs,CacheExpireRcOpParam
PendingRcloneJobs,CacheFetchRcOpParam
PendingRcloneJobs,ConfigCreateRcOpParam
PendingRcloneJobs,SyncRcOpParam
PendingRcloneJobs,CopyRcOpParam
PendingRcloneJobs,CopyFileRcOpParam
PendingRcloneJobs,MoveRcOpParam
PendingRcloneJobs,MoveFileRcOpParam
PendingRcloneJobs,DeleteRcOpParam
PendingRcloneJobs,DeleteFileRcOpParam
PendingRcloneJobs,FsInfoRcOpParam
PendingRcloneJobs,ListRcOpParam
PendingRcloneJobs,MkDirRcOpParam
PendingRcloneJobs,RmDirRcOpParam
PendingRcloneJobs,PurgeRcOpParam
PendingRcloneJobs,RmDirsRcOpParam
PendingRcloneJobs,PublicLinkRcOpParam
PendingRcloneJobs,JobStatusRcOpParam
PendingRcloneJobs,AboutRcOpParam
PendingRcloneJobs,RcOpParam
PendingRcloneJobs,RcOpResponse
PendingRcloneJobs,JobStatusHandler
PendingRcloneJobs,RcdIOException
PendingRcloneJobs,EmptyOkResponse
PendingRcloneJobs,ListRemotesResponse
PendingRcloneJobs,ConfigDumpRemote
PendingRcloneJobs,AboutResponse
PendingRcloneJobs,JobStatusResponse
PendingRcloneJobs,JobListResponse
PendingRcloneJobs,JobIdResponse
PendingRcloneJobs,ListRcOpResponse
PendingRcloneJobs,FsInfoRcOpResponse
PendingRcloneJobs,PublicLinkRcOpResponse
JobsUpdateHandler,NoParamRcOpParam
JobsUpdateHandler,RcOpParam
NoParamRcOpParam,CacheExpireRcOpParam
NoParamRcOpParam,RcOpParam
CacheExpireRcOpParam,CacheFetchRcOpParam
CacheExpireRcOpParam,RcOpParam
CacheFetchRcOpParam,ConfigCreateRcOpParam
CacheFetchRcOpParam,RcOpParam
ConfigCreateRcOpParam,ConfigDeleteRcOpParam
ConfigCreateRcOpParam,DeleteRcOpParam
ConfigCreateRcOpParam,RcOpParam
ConfigDeleteRcOpParam,ConfigGetRcOpParam
ConfigDeleteRcOpParam,RcOpParam
ConfigGetRcOpParam,RcloneRcd
ConfigGetRcOpParam,SyncRcOpParam
ConfigGetRcOpParam,RcOpParam
SyncRcOpParam,RcloneRcd
SyncRcOpParam,CopyRcOpParam
SyncRcOpParam,RcOpParam
CopyRcOpParam,RcloneRcd
CopyRcOpParam,CopyFileRcOpParam
CopyRcOpParam,RcOpParam
CopyFileRcOpParam,RcloneRcd
CopyFileRcOpParam,CopyUrlRcOpParam
CopyFileRcOpParam,RcOpParam
CopyUrlRcOpParam,RcloneRcd
CopyUrlRcOpParam,MoveRcOpParam
CopyUrlRcOpParam,RcOpParam
MoveRcOpParam,RcloneRcd
MoveRcOpParam,MoveFileRcOpParam
MoveRcOpParam,RcOpParam
MoveFileRcOpParam,RcloneRcd
MoveFileRcOpParam,DeleteRcOpParam
MoveFileRcOpParam,RcOpParam
DeleteRcOpParam,RcloneRcd
DeleteRcOpParam,DeleteFileRcOpParam
DeleteRcOpParam,RcOpParam
DeleteFileRcOpParam,RcloneRcd
DeleteFileRcOpParam,FsInfoRcOpParam
DeleteFileRcOpParam,RcOpParam
FsInfoRcOpParam,RcloneRcd
FsInfoRcOpParam,ListRcOpParam
FsInfoRcOpParam,RcOpParam
ListRcOpParam,RcloneRcd
ListRcOpParam,MkDirRcOpParam
ListRcOpParam,RcOpParam
MkDirRcOpParam,RcloneRcd
MkDirRcOpParam,RmDirRcOpParam
MkDirRcOpParam,RcOpParam
RmDirRcOpParam,RcloneRcd
RmDirRcOpParam,PurgeRcOpParam
RmDirRcOpParam,RcOpParam
PurgeRcOpParam,RcloneRcd
PurgeRcOpParam,RmDirsRcOpParam
PurgeRcOpParam,RcOpParam
RmDirsRcOpParam,RcloneRcd
RmDirsRcOpParam,PublicLinkRcOpParam
RmDirsRcOpParam,RcOpParam
PublicLinkRcOpParam,RcloneRcd
PublicLinkRcOpParam,JobStatusRcOpParam
PublicLinkRcOpParam,RcOpParam
JobStatusRcOpParam,RcloneRcd
JobStatusRcOpParam,JobStopRcOpParam
JobStatusRcOpParam,RcOpParam
JobStopRcOpParam,RcloneRcd
JobStopRcOpParam,AboutRcOpParam
JobStopRcOpParam,RcOpParam
AboutRcOpParam,RcloneRcd
AboutRcOpParam,CleanupRcOpParam
AboutRcOpParam,RcOpParam
CleanupRcOpParam,RcOpParam
RcOpParam,RcOpResponse
RcOpResponse,JobStatusHandler
RcOpResponse,JobStatusResponse
JobStatusHandler,RcdOpException
JobStatusHandler,ErrorResponse
RcdOpException,RcdIOException
RcdIOException,GenericResponse
GenericResponse,RcOpResponse
GenericResponse,EmptyOkResponse
EmptyOkResponse,RcOpResponse
EmptyOkResponse,GenericResponse
EmptyOkResponse,ErrorResponse
ErrorResponse,RcOpResponse
ErrorResponse,ListRemotesResponse
ListRemotesResponse,ConfigDumpRemote
ConfigDumpRemote,RcOpResponse
ConfigDumpRemote,AboutResponse
AboutResponse,RcOpResponse
AboutResponse,JobStatusResponse
AboutResponse,Rfc3339Deserializer
JobStatusResponse,RcOpResponse
JobStatusResponse,JobListResponse
JobListResponse,RcOpResponse
JobListResponse,JobIdResponse
JobIdResponse,RcOpResponse
JobIdResponse,ListRcOpResponse
ListRcOpResponse,ListItem
ListRcOpResponse,Rfc3339Deserializer
ListItem,RcOpResponse
ListItem,FsInfoRcOpResponse
FsInfoRcOpResponse,FsInfoFeatures
FsInfoFeatures,RcOpResponse
FsInfoFeatures,PublicLinkRcOpResponse
SharingActivity,ActivityHelper
SharingActivity,Action
SharingActivity,Rclone
SharingActivity,RuntimeConfiguration
SharingActivity,UploadTask
SharingActivity,CopyFile
SharingActivity,RemotesFragment
SharingActivity,OnRemoteClickListener
SharingActivity,ShareFragment
SharingActivity,OnShareDestinationSelected
SharingActivity,ShareRemotesFragment
SharingActivity,OnRemoteClickListener
SharingActivity,RemoteItem
UploadTask,Dialogs
UploadTask,LoadingDialog
UploadTask,RemoteItem
UploadTask,UploadService
UploadTask,FLog
CopyFile,FLog
VirtualContentProvider,Rclone
VirtualContentProvider,RcloneRcd
VirtualContentProvider,RcdOpException
VirtualContentProvider,RcdIOException
VirtualContentProvider,JobStatusResponse
VirtualContentProvider,ListItem
VirtualContentProvider,OnJobFinishListener
VirtualContentProvider,MaxWait
VirtualContentProvider,FsCache
VirtualContentProvider,FsState
VirtualContentProvider,FsStateNode
VirtualContentProvider,ExtrasMatrixCursor
VirtualContentProvider,FileItem
VirtualContentProvider,RemoteItem
VirtualContentProvider,RcdService
VirtualContentProvider,RcdBinder
VirtualContentProvider,FLog
VirtualContentProvider,SingleRootProvider
OnJobFinishListener,RcloneRcd
OnJobFinishListener,JobStatusHandler
OnJobFinishListener,JobStatusResponse
MaxWait,RcloneRcd
MaxWait,RcdOpException
MaxWait,JobStatusResponse
MaxWait,ListItem
MaxWait,OnJobFinishListener
MaxWait,DocumentIdException
MaxWait,FileItem
MaxWait,FLog
DocumentIdException,RcloneRcd
DocumentIdException,RcdOpException
DocumentIdException,ListItem
DocumentIdException,FsStateNode
DocumentIdException,PipeTransferThread
DocumentIdException,ExtrasMatrixCursor
DocumentIdException,FileItem
DocumentIdException,RemoteItem
DocumentIdException,RcdService
DocumentIdException,FLog
FsCache,ListItem
FsState,ListItem
FsState,FsCache
FsState,FsStateNode
FsState,FLog
FsStateNode,ListItem
FsStateNode,StateFlag
StateFlag,PipeTransferThread
StateFlag,FLog
PipeTransferThread,ExtrasMatrixCursor
DeleteCancelAction,Action
DeleteCancelAction,DeleteService
DownloadCancelAction,Action
DownloadCancelAction,DownloadService
MoveCancelAction,Action
MoveCancelAction,MoveService
ServeCancelAction,Action
ServeCancelAction,StreamingService
SyncCancelAction,Action
SyncCancelAction,SyncService
UploadCancelAction,Action
UploadCancelAction,UploadService
OnClickListener,ColorPickerDialog
FilePropertiesDialog,OnClickListener
FilePropertiesDialog,Rclone
FilePropertiesDialog,OnClickListener
FilePropertiesDialog,CalculateMD5
FilePropertiesDialog,CalculateSHA1
FilePropertiesDialog,OnClickListener
FilePropertiesDialog,OnClickListener
FilePropertiesDialog,FileItem
FilePropertiesDialog,RemoteItem
FilePropertiesDialog,OnClickListener
FilePropertiesDialog,OnClickListener
FilePropertiesDialog,OnClickListener
Callbacks,OnClickListener
Callbacks,OnClickListener
Callbacks,GoToDialog
Callbacks,OnClickListener
Callbacks,OnClickListener
Callbacks,OnClickListener
Callbacks,OnClickListener
Callbacks,OnClickListener
OnPositive,InputDialog
LinkDialog,OnClickListener
LinkDialog,OnClickListener
LinkDialog,OnClickListener
LinkDialog,OnClickListener
LinkDialog,OnClickListener
LinkDialog,OnClickListener
LinkDialog,OnClickListener
OnNegative,LoadingDialog
NumberPickerDialog,OnValueSelected
OnValueSelected,NumberPickerDialog
OnClickListener,OpenAsDialog
OnClickListener,FileItem
PasswordGeneratorDialog,Callbacks
PasswordGeneratorDialog,Callbacks
Callbacks,OnClickListener
Callbacks,OnClickListener
Callbacks,OnClickListener
Callbacks,PasswordGeneratorDialog
Callbacks,OnClickListener
Callbacks,OnClickListener
Callbacks,OnClickListener
Callbacks,OnClickListener
RemoteDestinationDialog,OnClickListener
RemoteDestinationDialog,OnClickListener
RemoteDestinationDialog,GoToDialog
RemoteDestinationDialog,Callbacks
RemoteDestinationDialog,InputDialog
RemoteDestinationDialog,OnPositive
RemoteDestinationDialog,OnClickListener
RemoteDestinationDialog,Callbacks
RemoteDestinationDialog,OnClickListener
RemoteDestinationDialog,OnClickListener
RemoteDestinationDialog,FileExplorerRecyclerViewAdapter
RemoteDestinationDialog,OnClickListener
RemoteDestinationDialog,OnClickListener
OnDestinationSelectedListener,OnClickListener
OnDestinationSelectedListener,FileComparators
OnDestinationSelectedListener,SortAlphaDescending
OnDestinationSelectedListener,SortAlphaAscending
OnDestinationSelectedListener,SortSizeDescending
OnDestinationSelectedListener,SortSizeAscending
OnDestinationSelectedListener,SortModTimeDescending
OnDestinationSelectedListener,SortModTimeAscending
OnDestinationSelectedListener,Action
OnDestinationSelectedListener,Rclone
OnDestinationSelectedListener,OnClickListener
OnDestinationSelectedListener,GoToDialog
OnDestinationSelectedListener,InputDialog
OnDestinationSelectedListener,OnClickListener
OnDestinationSelectedListener,RemoteDestinationDialog
OnDestinationSelectedListener,FetchDirectoryContent
OnDestinationSelectedListener,MakeDirectoryTask
OnDestinationSelectedListener,SortDialog
OnDestinationSelectedListener,OnClickListener
OnDestinationSelectedListener,FetchDirectoryContent
OnDestinationSelectedListener,MakeDirectoryTask
OnDestinationSelectedListener,FetchDirectoryContent
OnDestinationSelectedListener,MakeDirectoryTask
OnDestinationSelectedListener,DirectoryObject
OnDestinationSelectedListener,FileItem
OnDestinationSelectedListener,RemoteItem
OnDestinationSelectedListener,OnClickListener
OnDestinationSelectedListener,FileExplorerRecyclerViewAdapter
OnDestinationSelectedListener,OnClickListener
OnDestinationSelectedListener,OnClickListener
OnDestinationSelectedListener,LargeParcel
FetchDirectoryContent,FileItem
MakeDirectoryTask,FetchDirectoryContent
MakeDirectoryTask,FetchDirectoryContent
MakeDirectoryTask,FetchDirectoryContent
RemotePropertiesDialog,OnClickListener
RemotePropertiesDialog,Rclone
RemotePropertiesDialog,OnClickListener
RemotePropertiesDialog,OnClickListener
RemotePropertiesDialog,AboutRemoteTask
RemotePropertiesDialog,ReconnectRemoteTask
RemotePropertiesDialog,OnClickListener
RemotePropertiesDialog,RemoteItem
RemotePropertiesDialog,OnClickListener
RemotePropertiesDialog,OnClickListener
RemotePropertiesDialog,OnClickListener
AboutResultHandler,Rclone
AboutResultHandler,AboutResult
AboutRemoteTask,Rclone
AboutRemoteTask,AboutResult
AboutRemoteTask,AboutResultHandler
AboutRemoteTask,RemoteItem
ReconnectRemoteTask,InteractiveRunner
ReconnectRemoteTask,Step
ReconnectRemoteTask,Action
ReconnectRemoteTask,StringAction
ReconnectRemoteTask,ErrorHandler
ReconnectRemoteTask,Rclone
ReconnectRemoteTask,RemoteItem
ReconnectRemoteTask,OauthHelper
ReconnectRemoteTask,InitOauthStep
ReconnectRemoteTask,OauthFinishStep
ReconnectRemoteTask,FLog
ServeDialog,Callback
Callback,Rclone
Callback,ServeDialog
OnClickListener,SortDialog
FileExplorerFragment,BreadcrumbView
FileExplorerFragment,OnClickListener
FileExplorerFragment,FileComparators
FileExplorerFragment,SortAlphaDescending
FileExplorerFragment,SortAlphaAscending
FileExplorerFragment,SortSizeDescending
FileExplorerFragment,SortSizeAscending
FileExplorerFragment,SortModTimeDescending
FileExplorerFragment,SortModTimeAscending
FileExplorerFragment,FilePicker
FileExplorerFragment,Action
FileExplorerFragment,MainActivity
FileExplorerFragment,Rclone
FileExplorerFragment,OnClickListener
FileExplorerFragment,FilePropertiesDialog
FileExplorerFragment,GoToDialog
FileExplorerFragment,Callbacks
FileExplorerFragment,InputDialog
FileExplorerFragment,OnPositive
FileExplorerFragment,OpenAsDialog
FileExplorerFragment,OnClickListener
FileExplorerFragment,Callbacks
FileExplorerFragment,FetchDirectoryContent
FileExplorerFragment,MakeDirectoryTask
FileExplorerFragment,ServeDialog
FileExplorerFragment,Callback
FileExplorerFragment,SortDialog
FileExplorerFragment,OnClickListener
FileExplorerFragment,FetchDirectoryContent
FileExplorerFragment,RenameFileTask
FileExplorerFragment,MakeDirectoryTask
FileExplorerFragment,DownloadAndOpen
FileExplorerFragment,StreamTask
FileExplorerFragment,EmptyTrashTask
FileExplorerFragment,LinkTask
FileExplorerFragment,FetchDirectoryContent
FileExplorerFragment,MakeDirectoryTask
FileExplorerFragment,DirectoryObject
FileExplorerFragment,FileItem
FileExplorerFragment,RemoteItem
FileExplorerFragment,OnClickListener
FileExplorerFragment,FileExplorerRecyclerViewAdapter
FileExplorerFragment,OnClickListener
FileExplorerFragment,OnClickListener
FileExplorerFragment,DeleteService
FileExplorerFragment,DownloadService
FileExplorerFragment,MoveService
FileExplorerFragment,StreamingService
FileExplorerFragment,SyncService
FileExplorerFragment,ThumbnailsLoadingService
FileExplorerFragment,UploadService
FileExplorerFragment,LargeParcel
FetchDirectoryContent,FileItem
FetchDirectoryContent,FLog
RenameFileTask,FetchDirectoryContent
RenameFileTask,FetchDirectoryContent
RenameFileTask,FetchDirectoryContent
MakeDirectoryTask,FetchDirectoryContent
MakeDirectoryTask,FetchDirectoryContent
MakeDirectoryTask,FetchDirectoryContent
DownloadAndOpen,Dialogs
DownloadAndOpen,LoadingDialog
DownloadAndOpen,FileItem
DownloadAndOpen,FLog
StreamTask,Dialogs
StreamTask,LoadingDialog
StreamTask,FileItem
StreamTask,StreamingService
StreamTask,FLog
LinkTask,Dialogs
LinkTask,LinkDialog
LinkTask,LoadingDialog
RemotesFragment,Rclone
RemotesFragment,OnRemoteClickListener
RemotesFragment,AddRemoteToNavDrawer
RemotesFragment,OnRemoteClickListener
RemotesFragment,RemoteItem
RemotesFragment,RemotesRecyclerViewAdapter
RemotesFragment,OnRemoteOptionsClick
OnRemoteClickListener,RemoteItem
AddRemoteToNavDrawer,AppShortcutsHelper
AddRemoteToNavDrawer,OnClickListener
AddRemoteToNavDrawer,Action
AddRemoteToNavDrawer,MainActivity
AddRemoteToNavDrawer,Rclone
AddRemoteToNavDrawer,OnClickListener
AddRemoteToNavDrawer,OnClickListener
AddRemoteToNavDrawer,RemotePropertiesDialog
AddRemoteToNavDrawer,OnClickListener
AddRemoteToNavDrawer,RemotesFragment
AddRemoteToNavDrawer,OnRemoteClickListener
AddRemoteToNavDrawer,DeleteRemote
AddRemoteToNavDrawer,OnRemoteClickListener
AddRemoteToNavDrawer,RemoteItem
AddRemoteToNavDrawer,OnClickListener
AddRemoteToNavDrawer,OnClickListener
AddRemoteToNavDrawer,OnClickListener
AddRemoteToNavDrawer,RemotesRecyclerViewAdapter
AddRemoteToNavDrawer,RemoteConfig
DeleteRemote,AppShortcutsHelper
DeleteRemote,RemoteItem
ShareFragment,BreadcrumbView
ShareFragment,OnClickListener
ShareFragment,OnClickListener
ShareFragment,GoToDialog
ShareFragment,Callbacks
ShareFragment,InputDialog
ShareFragment,OnPositive
ShareFragment,OnClickListener
ShareFragment,Callbacks
ShareFragment,SortDialog
ShareFragment,OnClickListener
ShareFragment,OnClickListener
ShareFragment,FileExplorerRecyclerViewAdapter
ShareFragment,OnClickListener
ShareFragment,OnClickListener
OnShareDestinationSelected,BreadcrumbView
OnShareDestinationSelected,OnClickListener
OnShareDestinationSelected,FileComparators
OnShareDestinationSelected,SortAlphaDescending
OnShareDestinationSelected,SortAlphaAscending
OnShareDestinationSelected,SortSizeDescending
OnShareDestinationSelected,SortSizeAscending
OnShareDestinationSelected,SortModTimeDescending
OnShareDestinationSelected,SortModTimeAscending
OnShareDestinationSelected,Rclone
OnShareDestinationSelected,OnClickListener
OnShareDestinationSelected,GoToDialog
OnShareDestinationSelected,InputDialog
OnShareDestinationSelected,OnClickListener
OnShareDestinationSelected,FetchDirectoryContent
OnShareDestinationSelected,MakeDirectoryTask
OnShareDestinationSelected,SortDialog
OnShareDestinationSelected,OnClickListener
OnShareDestinationSelected,FetchDirectoryContent
OnShareDestinationSelected,MakeDirectoryTask
OnShareDestinationSelected,ShareFragment
OnShareDestinationSelected,FetchDirectoryContent
OnShareDestinationSelected,MakeDirectoryTask
OnShareDestinationSelected,DirectoryObject
OnShareDestinationSelected,FileItem
OnShareDestinationSelected,RemoteItem
OnShareDestinationSelected,OnClickListener
OnShareDestinationSelected,FileExplorerRecyclerViewAdapter
OnShareDestinationSelected,OnClickListener
OnShareDestinationSelected,OnClickListener
FetchDirectoryContent,FileItem
MakeDirectoryTask,FetchDirectoryContent
MakeDirectoryTask,FetchDirectoryContent
MakeDirectoryTask,FetchDirectoryContent
ShareRemotesFragment,RemotesFragment
ShareRemotesFragment,OnRemoteClickListener
ShareRemotesFragment,OnRemoteClickListener
ShareRemotesFragment,RemoteItem
OnRemoteClickListener,Rclone
OnRemoteClickListener,RemotesFragment
OnRemoteClickListener,ShareRemotesFragment
OnRemoteClickListener,RemoteItem
OnRemoteClickListener,RemotesRecyclerViewAdapter
OnRemoteClickListener,ShareRemotesRecyclerViewAdapter
DirectoryObject,FileItem
FileItem,RemoteItem
RemoteItem,SafConstants
MessageHandler,UpdateRequestResultHandler
MessageHandler,FLog
UpdateRequestResultHandler,Callback
UpdateRequestResultHandler,GitHubRelease
UpdateRequestResultHandler,ReleaseAsset
UpdateRequestResultHandler,FLog
GitHubRelease,Rfc3339Deserializer
ReleaseAsset,Rfc3339Deserializer
AboutLibrariesAdapter,OnClickListener
AboutLibrariesAdapter,OnClickListener
AboutLibrariesAdapter,OnClickListener
AboutLibrariesAdapter,OnClickListener
AboutLibrariesAdapter,OnClickListener
AboutLibrariesAdapter,OnClickListener
AboutLibrariesAdapter,ViewHolder
AboutLibrariesAdapter,OnClickListener
AboutLibrariesAdapter,ViewHolder
AboutLibrariesAdapter,ViewHolder
AboutLibrariesAdapter,ViewHolder
OnClickListener,AboutLibrariesAdapter
OnClickListener,ContentViewHolder
OnClickListener,FooterViewHolder
OnClickListener,ViewHolder
OnClickListener,ViewHolder
OnClickListener,ViewHolder
OnClickListener,ViewHolder
ContentViewHolder,ViewHolder
ContentViewHolder,ViewHolder
ContentViewHolder,ViewHolder
ContentViewHolder,ViewHolder
FooterViewHolder,ViewHolder
FooterViewHolder,ViewHolder
FooterViewHolder,ViewHolder
FooterViewHolder,ViewHolder
FileExplorerRecyclerViewAdapter,OnClickListener
FileExplorerRecyclerViewAdapter,OnClickListener
FileExplorerRecyclerViewAdapter,OnClickListener
FileExplorerRecyclerViewAdapter,OnClickListener
FileExplorerRecyclerViewAdapter,FileItem
FileExplorerRecyclerViewAdapter,OnClickListener
FileExplorerRecyclerViewAdapter,OnClickListener
FileExplorerRecyclerViewAdapter,ViewHolder
FileExplorerRecyclerViewAdapter,OnClickListener
FileExplorerRecyclerViewAdapter,ViewHolder
FileExplorerRecyclerViewAdapter,ViewHolder
FileExplorerRecyclerViewAdapter,ViewHolder
OnClickListener,Action
OnClickListener,FileItem
OnClickListener,RemoteItem
OnClickListener,FileExplorerRecyclerViewAdapter
OnClickListener,PersistentGlideUrl
OnClickListener,ViewHolder
OnClickListener,ViewHolder
OnClickListener,ViewHolder
OnClickListener,ViewHolder
OnClickListener,FLog
OnClickListener,SafAccessProvider
OnClickListener,FileAccessError
PersistentGlideUrl,Action
PersistentGlideUrl,FileItem
PersistentGlideUrl,ViewHolder
PersistentGlideUrl,ViewHolder
PersistentGlideUrl,ViewHolder
PersistentGlideUrl,ViewHolder
ViewHolder,FileItem
FilePickerAdapter,ViewHolder
FilePickerAdapter,ViewHolder
FilePickerAdapter,ViewHolder
FilePickerAdapter,ViewHolder
OnClickListener,FileItem
OnClickListener,ViewHolder
OnClickListener,FilePickerAdapter
OnClickListener,ViewHolder
OnClickListener,ViewHolder
OnClickListener,ViewHolder
RemotesRecyclerViewAdapter,RemotesFragment
RemotesRecyclerViewAdapter,OnRemoteClickListener
RemotesRecyclerViewAdapter,OnRemoteClickListener
RemotesRecyclerViewAdapter,RemoteItem
RemotesRecyclerViewAdapter,ViewHolder
RemotesRecyclerViewAdapter,ViewHolder
RemotesRecyclerViewAdapter,OnRemoteOptionsClick
RemotesRecyclerViewAdapter,ViewHolder
RemotesRecyclerViewAdapter,ViewHolder
OnRemoteOptionsClick,OnClickListener
OnRemoteOptionsClick,OnClickListener
OnRemoteOptionsClick,OnClickListener
OnRemoteOptionsClick,OnClickListener
OnRemoteOptionsClick,RemotesFragment
OnRemoteOptionsClick,OnRemoteClickListener
OnRemoteOptionsClick,OnRemoteClickListener
OnRemoteOptionsClick,RemoteItem
OnRemoteOptionsClick,OnClickListener
OnRemoteOptionsClick,OnClickListener
OnRemoteOptionsClick,ViewHolder
OnRemoteOptionsClick,OnClickListener
OnRemoteOptionsClick,ViewHolder
OnRemoteOptionsClick,RemotesRecyclerViewAdapter
OnRemoteOptionsClick,ViewHolder
OnRemoteOptionsClick,ViewHolder
ShareRemotesRecyclerViewAdapter,OnClickListener
ShareRemotesRecyclerViewAdapter,OnClickListener
ShareRemotesRecyclerViewAdapter,OnClickListener
ShareRemotesRecyclerViewAdapter,OnClickListener
ShareRemotesRecyclerViewAdapter,RemotesFragment
ShareRemotesRecyclerViewAdapter,OnRemoteClickListener
ShareRemotesRecyclerViewAdapter,ShareRemotesFragment
ShareRemotesRecyclerViewAdapter,OnRemoteClickListener
ShareRemotesRecyclerViewAdapter,RemoteItem
ShareRemotesRecyclerViewAdapter,OnClickListener
ShareRemotesRecyclerViewAdapter,OnClickListener
ShareRemotesRecyclerViewAdapter,ViewHolder
ShareRemotesRecyclerViewAdapter,OnClickListener
ShareRemotesRecyclerViewAdapter,ViewHolder
ShareRemotesRecyclerViewAdapter,RemotesRecyclerViewAdapter
ShareRemotesRecyclerViewAdapter,ViewHolder
ShareRemotesRecyclerViewAdapter,ViewHolder
AliasConfig,OnClickListener
AliasConfig,Rclone
AliasConfig,OnClickListener
AliasConfig,OnClickListener
AliasConfig,RemoteDestinationDialog
AliasConfig,OnDestinationSelectedListener
AliasConfig,OnClickListener
AliasConfig,RemoteItem
AliasConfig,OnClickListener
AliasConfig,OnClickListener
AliasConfig,OnClickListener
AliasConfig,RemoteConfigHelper
Azureblob,OnClickListener
Azureblob,Rclone
Azureblob,OnClickListener
Azureblob,OnClickListener
Azureblob,OnClickListener
Azureblob,OnClickListener
Azureblob,OnClickListener
Azureblob,OnClickListener
Azureblob,RemoteConfigHelper
B2Config,OnClickListener
B2Config,Rclone
B2Config,OnClickListener
B2Config,OnClickListener
B2Config,OnClickListener
B2Config,OnClickListener
B2Config,OnClickListener
B2Config,OnClickListener
B2Config,RemoteConfigHelper
BoxConfig,OnClickListener
BoxConfig,Rclone
BoxConfig,OnClickListener
BoxConfig,OnClickListener
BoxConfig,OnClickListener
BoxConfig,OnClickListener
BoxConfig,OnClickListener
BoxConfig,OnClickListener
BoxConfig,ConfigCreate
BoxConfig,ConfigCreate
BoxConfig,ConfigCreate
BoxConfig,ConfigCreate
BoxConfig,ConfigCreate
BoxConfig,ConfigCreate
BoxConfig,ConfigCreate
BoxConfig,ConfigCreate
ConfigCreate,MainActivity
ConfigCreate,OauthHelper
CacheConfig,OnClickListener
CacheConfig,Rclone
CacheConfig,OnClickListener
CacheConfig,NumberPickerDialog
CacheConfig,OnValueSelected
CacheConfig,OnClickListener
CacheConfig,RemoteDestinationDialog
CacheConfig,OnDestinationSelectedListener
CacheConfig,OnClickListener
CacheConfig,RemoteItem
CacheConfig,OnClickListener
CacheConfig,OnClickListener
CacheConfig,OnClickListener
CacheConfig,RemoteConfigHelper
CryptConfig,OnClickListener
CryptConfig,Action
CryptConfig,Rclone
CryptConfig,OnClickListener
CryptConfig,Callbacks
CryptConfig,OnClickListener
CryptConfig,PasswordGeneratorDialog
CryptConfig,Callbacks
CryptConfig,RemoteDestinationDialog
CryptConfig,OnDestinationSelectedListener
CryptConfig,OnClickListener
CryptConfig,RemoteItem
CryptConfig,OnClickListener
CryptConfig,OnClickListener
CryptConfig,OnClickListener
CryptConfig,RemoteConfigHelper
DriveConfig,OnClickListener
DriveConfig,Rclone
DriveConfig,OnClickListener
DriveConfig,OnClickListener
DriveConfig,OnClickListener
DriveConfig,OnClickListener
DriveConfig,OnClickListener
DriveConfig,OnClickListener
DriveConfig,ConfigCreate
DriveConfig,ConfigCreate
DriveConfig,ConfigCreate
DriveConfig,ConfigCreate
DriveConfig,ConfigCreate
DriveConfig,ConfigCreate
DriveConfig,ConfigCreate
DriveConfig,ConfigCreate
ConfigCreate,MainActivity
ConfigCreate,OauthHelper
DropboxConfig,OnClickListener
DropboxConfig,Rclone
DropboxConfig,OnClickListener
DropboxConfig,OnClickListener
DropboxConfig,OnClickListener
DropboxConfig,OnClickListener
DropboxConfig,OnClickListener
DropboxConfig,OnClickListener
DropboxConfig,ConfigCreate
DropboxConfig,ConfigCreate
DropboxConfig,ConfigCreate
DropboxConfig,ConfigCreate
DropboxConfig,ConfigCreate
DropboxConfig,ConfigCreate
DropboxConfig,ConfigCreate
DropboxConfig,ConfigCreate
ConfigCreate,MainActivity
ConfigCreate,OauthHelper
FtpConfig,OnClickListener
FtpConfig,Rclone
FtpConfig,OnClickListener
FtpConfig,OnClickListener
FtpConfig,OnClickListener
FtpConfig,OnClickListener
FtpConfig,OnClickListener
FtpConfig,OnClickListener
FtpConfig,RemoteConfigHelper
GooglePhotosConfig,OnClickListener
GooglePhotosConfig,Rclone
GooglePhotosConfig,OnClickListener
GooglePhotosConfig,OnClickListener
GooglePhotosConfig,OnClickListener
GooglePhotosConfig,OnClickListener
GooglePhotosConfig,OnClickListener
GooglePhotosConfig,OnClickListener
GooglePhotosConfig,ConfigCreate
GooglePhotosConfig,ConfigCreate
GooglePhotosConfig,ConfigCreate
GooglePhotosConfig,ConfigCreate
GooglePhotosConfig,ConfigCreate
GooglePhotosConfig,ConfigCreate
GooglePhotosConfig,ConfigCreate
GooglePhotosConfig,ConfigCreate
ConfigCreate,MainActivity
ConfigCreate,OauthHelper
HttpConfig,OnClickListener
HttpConfig,Rclone
HttpConfig,OnClickListener
HttpConfig,OnClickListener
HttpConfig,OnClickListener
HttpConfig,OnClickListener
HttpConfig,OnClickListener
HttpConfig,OnClickListener
HttpConfig,RemoteConfigHelper
HubicConfig,OnClickListener
HubicConfig,Rclone
HubicConfig,OnClickListener
HubicConfig,OnClickListener
HubicConfig,OnClickListener
HubicConfig,OnClickListener
HubicConfig,OnClickListener
HubicConfig,OnClickListener
HubicConfig,ConfigCreate
HubicConfig,ConfigCreate
HubicConfig,ConfigCreate
HubicConfig,ConfigCreate
HubicConfig,ConfigCreate
HubicConfig,ConfigCreate
HubicConfig,ConfigCreate
HubicConfig,ConfigCreate
ConfigCreate,MainActivity
ConfigCreate,OauthHelper
LocalConfig,OnClickListener
LocalConfig,Rclone
LocalConfig,OnClickListener
LocalConfig,OnClickListener
LocalConfig,OnClickListener
LocalConfig,OnClickListener
LocalConfig,OnClickListener
LocalConfig,OnClickListener
LocalConfig,RemoteConfigHelper
MegaConfig,OnClickListener
MegaConfig,Rclone
MegaConfig,OnClickListener
MegaConfig,OnClickListener
MegaConfig,OnClickListener
MegaConfig,OnClickListener
MegaConfig,OnClickListener
MegaConfig,OnClickListener
MegaConfig,RemoteConfigHelper
OauthHelper,OauthProcessToken
OauthProcessToken,InteractiveRunner
OauthProcessToken,Rclone
OauthProcessToken,OauthHelper
OauthProcessToken,UrlAuthThread
OauthProcessToken,FLog
UrlAuthThread,FLog
OauthAction,InteractiveRunner
OauthAction,Action
OauthAction,FLog
InitOauthStep,InteractiveRunner
InitOauthStep,Step
InitOauthStep,Action
InitOauthStep,OauthHelper
InitOauthStep,OauthAction
OauthFinishStep,InteractiveRunner
OauthFinishStep,Step
OauthFinishStep,Action
OauthFinishStep,StringAction
OneDriveConfig,OnClickListener
OneDriveConfig,Rclone
OneDriveConfig,OnClickListener
OneDriveConfig,OnClickListener
OneDriveConfig,OnClickListener
OneDriveConfig,OnClickListener
OneDriveConfig,OnClickListener
OneDriveConfig,OnClickListener
OneDriveConfig,ConfigCreate
OneDriveConfig,DriveConfig
OneDriveConfig,ConfigCreate
OneDriveConfig,ConfigCreate
OneDriveConfig,ConfigCreate
OneDriveConfig,ConfigCreate
OneDriveConfig,ConfigCreate
OneDriveConfig,ConfigCreate
OneDriveConfig,ConfigCreate
ConfigCreate,InteractiveRunner
ConfigCreate,Step
ConfigCreate,Action
ConfigCreate,StringAction
ConfigCreate,ErrorHandler
ConfigCreate,MainActivity
ConfigCreate,OauthHelper
ConfigCreate,InitOauthStep
ConfigCreate,OauthFinishStep
ConfigCreate,FLog
PcloudConfig,OnClickListener
PcloudConfig,Rclone
PcloudConfig,OnClickListener
PcloudConfig,OnClickListener
PcloudConfig,OnClickListener
PcloudConfig,OnClickListener
PcloudConfig,OnClickListener
PcloudConfig,OnClickListener
PcloudConfig,ConfigCreate
PcloudConfig,ConfigCreate
PcloudConfig,ConfigCreate
PcloudConfig,ConfigCreate
PcloudConfig,ConfigCreate
PcloudConfig,ConfigCreate
PcloudConfig,ConfigCreate
PcloudConfig,ConfigCreate
ConfigCreate,MainActivity
ConfigCreate,OauthHelper
QingstorConfig,OnClickListener
QingstorConfig,Rclone
QingstorConfig,OnClickListener
QingstorConfig,OnClickListener
QingstorConfig,OnClickListener
QingstorConfig,OnClickListener
QingstorConfig,OnClickListener
QingstorConfig,OnClickListener
QingstorConfig,RemoteConfigHelper
RemoteConfig,ActivityHelper
RemoteConfig,RuntimeConfiguration
RemoteConfig,AliasConfig
RemoteConfig,Azureblob
RemoteConfig,B2Config
RemoteConfig,BoxConfig
RemoteConfig,CacheConfig
RemoteConfig,CryptConfig
RemoteConfig,DriveConfig
RemoteConfig,DropboxConfig
RemoteConfig,FtpConfig
RemoteConfig,GooglePhotosConfig
RemoteConfig,HttpConfig
RemoteConfig,HubicConfig
RemoteConfig,LocalConfig
RemoteConfig,MegaConfig
RemoteConfig,OneDriveConfig
RemoteConfig,PcloudConfig
RemoteConfig,QingstorConfig
RemoteConfig,RemotesConfigList
RemoteConfig,ProviderSelectedListener
RemoteConfig,SftpConfig
RemoteConfig,UnionConfig
RemoteConfig,WebdavConfig
RemoteConfig,YandexConfig
RemoteConfigHelper,Rclone
RemoteConfigHelper,RemoteItem
RemoteConfigHelper,SafAccessProvider
RemoteConfigHelper,SafConstants
ProviderSelectedListener,OnClickListener
ProviderSelectedListener,OnClickListener
ProviderSelectedListener,OnClickListener
ProviderSelectedListener,OnClickListener
ProviderSelectedListener,OnClickListener
ProviderSelectedListener,OnClickListener
ProviderSelectedListener,OnClickListener
ProviderSelectedListener,RemotesConfigList
SftpConfig,OnClickListener
SftpConfig,Rclone
SftpConfig,OnClickListener
SftpConfig,OnClickListener
SftpConfig,OnClickListener
SftpConfig,OnClickListener
SftpConfig,OnClickListener
SftpConfig,OnClickListener
SftpConfig,RemoteConfigHelper
UnionConfig,OnClickListener
UnionConfig,Rclone
UnionConfig,OnClickListener
UnionConfig,OnClickListener
UnionConfig,RemoteDestinationDialog
UnionConfig,OnDestinationSelectedListener
UnionConfig,OnClickListener
UnionConfig,RemoteItem
UnionConfig,OnClickListener
UnionConfig,OnClickListener
UnionConfig,OnClickListener
UnionConfig,RemoteConfigHelper
UnionConfig,RemotesListAdapter
RemotePathsViewHolder,OnClickListener
RemotePathsViewHolder,OnClickListener
RemotePathsViewHolder,OnClickListener
RemotePathsViewHolder,OnClickListener
RemotePathsViewHolder,OnClickListener
RemotePathsViewHolder,OnClickListener
RemotePathsViewHolder,ViewHolder
RemotePathsViewHolder,OnClickListener
RemotePathsViewHolder,ViewHolder
RemotePathsViewHolder,ViewHolder
RemotePathsViewHolder,ViewHolder
RemotePathsViewHolder,RemotesListAdapter
RemotesListAdapter,ViewHolder
RemotesListAdapter,ViewHolder
RemotesListAdapter,ViewHolder
RemotesListAdapter,ViewHolder
RemotesListAdapter,RemotePathsViewHolder
WebdavConfig,OnClickListener
WebdavConfig,Rclone
WebdavConfig,OnClickListener
WebdavConfig,OnClickListener
WebdavConfig,OnClickListener
WebdavConfig,OnClickListener
WebdavConfig,OnClickListener
WebdavConfig,OnClickListener
WebdavConfig,RemoteConfigHelper
YandexConfig,OnClickListener
YandexConfig,Rclone
YandexConfig,OnClickListener
YandexConfig,OnClickListener
YandexConfig,OnClickListener
YandexConfig,OnClickListener
YandexConfig,OnClickListener
YandexConfig,OnClickListener
YandexConfig,ConfigCreate
YandexConfig,ConfigCreate
YandexConfig,ConfigCreate
YandexConfig,ConfigCreate
YandexConfig,ConfigCreate
YandexConfig,ConfigCreate
YandexConfig,ConfigCreate
YandexConfig,ConfigCreate
ConfigCreate,MainActivity
ConfigCreate,OauthHelper
DeleteService,Action
DeleteService,Rclone
DeleteService,DeleteCancelAction
DeleteService,FileItem
DeleteService,RemoteItem
DeleteService,FLog
DownloadService,Action
DownloadService,Log2File
DownloadService,Rclone
DownloadService,DownloadCancelAction
DownloadService,FileItem
DownloadService,RemoteItem
DownloadService,FLog
MoveService,Action
MoveService,Rclone
MoveService,MoveCancelAction
MoveService,FileItem
MoveService,RemoteItem
MoveService,FLog
RcdService,Action
RcdService,RcloneRcd
RcdService,JobsUpdateHandler
RcdService,JobStatusHandler
RcdService,JobStatusResponse
RcdService,RcdBinder
RcdService,FLog
RcdBinder,Action
RcdBinder,RcloneRcd
RcdBinder,RcdIOException
RcdBinder,RcdService
RcdBinder,RcdServiceAction
RcdBinder,FLog
RcdServiceAction,Action
RcdServiceAction,RcdService
RcdServiceAction,FLog
ReportService,Action
ReportService,Rclone
ReportService,CollectionFlags
ReportService,ReportData
ReportService,MetaData
ReportService,StopCollectionReceiver
ReportService,LogcatWatcherThread
ReportService,FLog
CollectionFlags,ReportData
ReportData,MetaData
MetaData,ReportService
MetaData,StopCollectionReceiver
StopCollectionReceiver,LogcatWatcherThread
StopCollectionReceiver,FLog
StreamingService,Action
StreamingService,Rclone
StreamingService,ServeCancelAction
StreamingService,RemoteItem
StreamingService,FLog
SyncService,Action
SyncService,Log2File
SyncService,Rclone
SyncService,SyncCancelAction
SyncService,RemoteItem
SyncService,FLog
ThumbnailsLoadingService,Rclone
ThumbnailsLoadingService,RemoteItem
ThumbnailsLoadingService,FLog
UploadService,Action
UploadService,Log2File
UploadService,Rclone
UploadService,UploadCancelAction
UploadService,RemoteItem
UploadService,FLog
FileAccessSettingsFragment,OnClickListener
FileAccessSettingsFragment,Action
FileAccessSettingsFragment,Rclone
FileAccessSettingsFragment,VirtualContentProvider
FileAccessSettingsFragment,OnClickListener
FileAccessSettingsFragment,OnClickListener
FileAccessSettingsFragment,OnClickListener
FileAccessSettingsFragment,OnClickListener
FileAccessSettingsFragment,OnClickListener
FileAccessSettingsFragment,OnClickListener
FileAccessSettingsFragment,RemoteConfigHelper
FileAccessSettingsFragment,RcdService
FileAccessSettingsFragment,PermissionListAdapter
FileAccessSettingsFragment,SettingsFragment
FileAccessSettingsFragment,SafConstants
PermissionsViewHolder,OnClickListener
PermissionsViewHolder,OnClickListener
PermissionsViewHolder,OnClickListener
PermissionsViewHolder,OnClickListener
PermissionsViewHolder,OnClickListener
PermissionsViewHolder,OnClickListener
PermissionsViewHolder,ViewHolder
PermissionsViewHolder,OnClickListener
PermissionsViewHolder,ViewHolder
PermissionsViewHolder,ViewHolder
PermissionsViewHolder,ViewHolder
PermissionsViewHolder,PermissionListAdapter
PermissionListAdapter,ViewHolder
PermissionListAdapter,ViewHolder
PermissionListAdapter,ViewHolder
PermissionListAdapter,ViewHolder
PermissionListAdapter,PermissionsViewHolder
GeneralSettingsFragment,AppShortcutsHelper
GeneralSettingsFragment,OnClickListener
GeneralSettingsFragment,Rclone
GeneralSettingsFragment,OnClickListener
GeneralSettingsFragment,OnClickListener
GeneralSettingsFragment,OnClickListener
GeneralSettingsFragment,RemoteItem
GeneralSettingsFragment,OnClickListener
GeneralSettingsFragment,OnClickListener
GeneralSettingsFragment,OnClickListener
GeneralSettingsFragment,SettingsFragment
GeneralSettingsFragment,FLog
LoggingSettingsFragment,OnClickListener
LoggingSettingsFragment,OnClickListener
LoggingSettingsFragment,OnClickListener
LoggingSettingsFragment,OnClickListener
LoggingSettingsFragment,OnClickListener
LoggingSettingsFragment,OnClickListener
LoggingSettingsFragment,OnClickListener
LoggingSettingsFragment,ReportService
LoggingSettingsFragment,SettingsFragment
LoggingSettingsFragment,FLog
LookAndFeelSettingsFragment,OnThemeHasChanged
LookAndFeelSettingsFragment,SettingsFragment
OnThemeHasChanged,OnClickListener
OnThemeHasChanged,ColorPickerDialog
OnThemeHasChanged,OnClickListener
OnThemeHasChanged,OnClickListener
OnThemeHasChanged,OnClickListener
OnThemeHasChanged,OnClickListener
OnThemeHasChanged,OnClickListener
OnThemeHasChanged,OnClickListener
OnThemeHasChanged,LookAndFeelSettingsFragment
OnThemeHasChanged,SettingsFragment
NotificationsSettingsFragment,OnClickListener
NotificationsSettingsFragment,Action
NotificationsSettingsFragment,OnClickListener
NotificationsSettingsFragment,OnClickListener
NotificationsSettingsFragment,OnClickListener
NotificationsSettingsFragment,OnClickListener
NotificationsSettingsFragment,OnClickListener
NotificationsSettingsFragment,OnClickListener
NotificationsSettingsFragment,SettingsFragment
SettingsActivity,ActivityHelper
SettingsActivity,RuntimeConfiguration
SettingsActivity,FileAccessSettingsFragment
SettingsActivity,GeneralSettingsFragment
SettingsActivity,LoggingSettingsFragment
SettingsActivity,LookAndFeelSettingsFragment
SettingsActivity,OnThemeHasChanged
SettingsActivity,NotificationsSettingsFragment
SettingsActivity,SettingsFragment
SettingsActivity,OnSettingCategorySelectedListener
SettingsFragment,OnSettingCategorySelectedListener
OnSettingCategorySelectedListener,OnClickListener
OnSettingCategorySelectedListener,OnClickListener
OnSettingCategorySelectedListener,OnClickListener
OnSettingCategorySelectedListener,OnClickListener
OnSettingCategorySelectedListener,OnClickListener
OnSettingCategorySelectedListener,OnClickListener
OnSettingCategorySelectedListener,OnClickListener
OnSettingCategorySelectedListener,SettingsFragment
LoggedError,CrashLogger
LoggedError,CrashLogger
MarkdownView,FLog
MarkdownView,LoadMarkdownAsset
LoadMarkdownAsset,FLog
VirtualContentProviderTest,VirtualContentProvider
VirtualContentProviderTest,DocumentIdException
SafAccessProvider,SafDAVServer
SafAccessProvider,SafDirectServer
SafAccessProvider,SafConstants
SafDAVServer,FileAccessError
SafDAVServer,ItemAccess
SafDAVServer,ItemExistsException
SafDAVServer,ItemNotFoundException
SafDAVServer,SafConstants
SafDAVServer,SafException
SafDAVServer,SafItem
SafDAVServer,DocumentsContractAccess
SafDAVServer,ProviderPaths
SafDAVServer,XmlResponseSerialization
SafDirectServer,ItemAccess
SafDirectServer,SafItem
SafDirectServer,DocumentsContractAccess
SafDirectServer,ProviderPaths
FileAccessError,SafException
ItemAccess,SafItem
ItemExistsException,SafException
ItemNotFoundException,SafException
SingleRootProvider,RootFlags
DocumentsContractAccess,FileAccessError
DocumentsContractAccess,ItemExistsException
DocumentsContractAccess,ItemNotFoundException
DocumentsContractAccess,SafException
DocumentsContractAccess,ProviderPaths
DocumentsContractAccess,SafFastItem
DocumentsContractAccess,SafFileAccess
ProviderPaths,ItemNotFoundException
ProviderPaths,SafItem
ProviderPaths,SafPermissionItem
SafFastItem,SafItem
SafFileAccess,FileItem
SafFileAccess,FileAccessError
SafFileAccess,ItemExistsException
SafFileAccess,ItemNotFoundException
SafFileAccess,SafFileItem
SafFileItem,FileItem
SafFileItem,SafItem
SafPermissionItem,SafItem
XmlResponseSerialization,FileItem
XmlResponseSerialization,SafItem
XmlResponseSerialization,SafFileItem
